word,count
chicken,5560
beef,4450
fried,3784
pork,3686
sauce,3296
rice,3194
shrimp,3158
soup,2630
fish,1858
egg,1602
noodle,1574
pepper,1412
spicy,1366
salad,1364
roll,1302
tea,1292
tofu,1244
dinner,1128
bean,1110
black,1104
vegetable,1048
seafood,1014
style,936
sandwich,912
sour,908
green,876
garlic,858
hot,846
sweet,792
cheese,774
stir-fried,774
special,738
fillet,734
stir,708
pizza,704
salt,698
crab,676
broccoli,670
chow,654
mein,654
vegetables,646
noodles,646
bbq,640
chop,630
milk,626
steamed,622
mushroom,614
chinese,608
grilled,580
fresh,572
steak,536
combo,536
curry,534
crispy,530
chili,528
lamb,486
mixed,478
shredded,450
braised,448
burger,440
the,430
sausage,430
meat,420
of,420
combination,418
fries,418
duck,414
szechuan,408
smoothie,408
house,402
young,394
freeze,394
eggplant,390
kung,388
sliced,382
foo,382
red,380
bowl,374
pot,372
ginger,366
mango,356
stewed,356
on,354
orange,348
fruit,348
ribs,344
casserole,342
over,338
sauteed,336
wings,334
onion,332
italian,332
tuna,330
beans,324
(dinner),324
white,322
mongolian,314
squid,310
thai,302
mushrooms,300
salmon,296
congee,292
pao,288
pan,286
string,284
lemon,282
wonton,280
deep,278
oyster,276
preserved,272
salted,272
xo,270
lobster,268
tray,268
veggie,268
sesame,266
cake,266
corn,266
potato,266
rolls,266
jumbo,264
chocolate,264
a,260
hong,256
jelly,256
pea,256
large,256
melon,254
side,254
roasted,252
tenderloin,248
cucumber,246
lo,244
japanese,244
vermicelli,244
honey,242
curd,242
plate,238
de,238
scallop,236
bacon,236
juice,234
cabbage,230
bread,230
suey,230
taco,230
minced,228
pad,228
soda,226
rib,224
soy,222
turkey,222
dry,220
water,216
baby,214
dried,214
satay,212
w.,212
or,212
choy,210
pineapple,208
teriyaki,208
boiled,204
platter,204
homemade,202
spinach,200
french,200
rangoon,198
bitter,198
set,194
whole,192
coconut,192
general,192
burrito,192
avocado,190
baked,190
brown,190
dumplings,188
stew,188
tomato,186
ham,186
party,186
sea,184
belly,184
basil,184
sashimi,184
soft,182
sizzling,182
lychee,180
strawberry,180
clam,178
short,178
cashew,178
brisket,178
chives,176
coffee,174
sushi,174
piece,172
eggs,172
iced,168
for,168
thin,166
wrap,164
(gluten,162
free),162
ice,160
intestine,158
pickled,158
kong,158
tempura,158
dumpling,156
ground,156
fun,156
double,156
king,154
milkshake,154
korean,154
cold,152
snow,152
shell,152
assorted,152
po,152
lb.,150
extra,150
roast,148
caesar,148
cream,148
con,146
szechwan,142
scallops,140
flavored,140
w/,138
box,138
toast,138
drop,136
taro,136
stuffed,136
pancakes,136
ball,134
cumin,132
marinated,128
vegetarian,128
stickers,126
scallion,126
paste,126
celery,124
seaweed,124
delight,124
spaghetti,124
pancake,124
jalapeno,122
cajun,122
shu,120
2,120
american,120
banana,120
mini,120
small,120
spring,116
traditional,116
cooked,116
yellow,116
tso's,116
la,116
slider,116
singapore,114
tapioca,114
tenders,114
breast,114
home,112
kimchi,112
1,112
chips,112
waffle,112
crust,112
kow,112
salty,110
bamboo,110
peach,108
frog,108
meatball,108
calamari,106
moo,106
drink,106
yolk,104
vegan,104
bok,102
asparagus,102
smoked,102
lunch,102
pasta,102
buffalo,102
flavor,100
diced,100
kidney,100
nachos,100
deluxe,100
fatty,98
apple,98
pan-fried,98
almond,98
hunan,98
butter,98
clams,98
breaded,98
maw,96
bottled,96
family,96
peppers,96
root,94
sticks,94
eel,94
chopped,94
parmesan,94
sub,94
pig,92
live,92
udon,92
super,92
bun,92
broth,90
grass,90
cut,90
pickle,88
lettuce,88
chef's,88
seasonal,88
tongue,88
spare,88
enoki,88
mac,88
pcs),88
stomach,86
lotus,86
tendon,86
peking,86
golden,84
tilapia,84
3,84
dragon,84
your,84
original,84
sake,84
omelet,82
stone,82
walnut,82
matcha,82
dog,82
dish,82
club,82
sue,80
hand,80
alfredo,80
rings,80
pie,80
triple,80
cheeseburger,80
stick,78
tips,78
potatoes,78
ramen,78
cheesecake,78
4,77
yu,76
ma,76
strips,76
chops,74
6,74
glazed,74
mexican,74
filet,74
gravy,74
tender,72
bao,72
intestines,72
peanut,72
free,72
handmade,72
pc.,72
beer,70
chive,70
lemongrass,70
plain,70
balls,70
sprouts,70
tacos,70
sole,70
breakfast,70
kid's,70
chef,68
peapod,68
smelt,68
taiwanese,68
three,68
mozzarella,68
bone,68
bottle,68
pearl,68
ear,66
mapo,66
-,66
omelette,66
passion,66
two,66
catfish,66
feet,66
crabmeat,66
skin,66
pollo,66
hamachi,66
winter,64
fungus,64
oolong,64
dungeness,64
dough,64
sprout,64
spiced,64
blueberry,64
melt,64
panini,64
street,64
slice,62
tripe,62
latte,62
berry,62
california,62
abalone,60
jerk,60
pop,60
liver,60
yogurt,60
mousse,60
al,60
butterburger,60
classic,60
garden,60
sicilian,60
hawaiian,60
banh,60
philly,58
flank,58
fry,58
watercress,58
cantonese,58
neck,58
cookie,58
vietnamese,58
onions,58
pulled,58
can,58
chorizo,58
ebi,58
signature,56
oil,56
mustard,56
bass,56
scrambled,56
watermelon,56
greens,56
tom,56
trio,56
skewer,56
oz,56
greek,56
twice,54
leaves,54
tip,54
nuts,54
e-fu,54
malaysian,54
wok,54
meatballs,54
lime,54
leg,54
don,54
sampler,54
own,54
10,53
papaya,52
rainbow,52
mayonnaise,52
coke,52
potstickers,52
frozen,52
shanghai,52
quesadilla,52
add,52
miso,52
kabob,52
corned,52
vinegar,50
peanuts,50
scallions,50
hummus,50
yum,50
edamame,50
pudding,50
mashed,50
ravioli,50
new,50
cheddar,50
one,50
peapods,50
maki,50
unagi,50
hash,50
calzone,50
cilantro,48
mussels,48
famous,48
eye,48
big,48
crunchy,48
turnip,48
shank,48
island,48
peas,48
cured,48
pho,48
octopus,48
salsa,48
single,48
polish,48
entree,48
chicago,48
14,47
west,46
lake,46
wine,46
yang,46
beijing,46
topping,46
pumpkin,46
kale,46
chip,46
pods,46
stir-,46
12,45
"14"" ",45
herbal,44
nest,44
sichuan,44
ox,44
chilled,44
slices,44
tail,44
canned,44
flat,44
range,44
wing,44
cheesy,44
margherita,44
mi,44
b.b.q,44
gyro,44
cookies,44
jellyfish,42
tao's,42
fermented,42
straw,42
clear,42
(no,42
nova,42
huevos,42
sorbie,42
pizzarella,42
okra,40
blood,40
carrot,40
creamy,40
chiu,40
boneless,40
skirt,40
seasoned,40
prawns,40
radish,40
grapefruit,40
cappuccino,40
veggies,40
guacamole,40
panang,40
parmigiana,40
tobiko,40
basket,40
war,40
inch),40
wood,38
cauliflower,38
wasabi,38
oysters,38
olive,38
goat,38
elote,38
cup,38
blue,38
sugar,38
tendons,38
wheat,38
nuggets,38
maguro,38
build,38
appetizer,38
entrees,38
lily,38
subgum,38
dan,36
sprite,36
sticky,36
four,36
premium,36
seared,36
lemonade,36
tai,36
popcorn,36
kiwi,36
smoothies,36
brownie,36
yassa,36
tostada,36
quesadillas,36
pod,36
volcano,36
blt,36
fine,36
nata,36
u-don,36
benedict,36
coupons),36
8,35
steam,34
napa,34
mix,34
rabbit,34
kebab,34
offal,34
yangzhou,34
rose,34
cubes,34
sticker,34
shoot,34
fire,34
plancha,34
kids,34
drinks,34
veal,34
swiss,34
torta,34
gyoza,34
kani,34
cocktail,34
falafel,34
shawarma,34
ranch,34
oz.,34
happiness,34
hashbrowns,34
leek,32
longan,32
flower,32
squab,32
coleslaw,32
da,32
supreme,32
soya,32
14,32
po'boy,32
won,32
shoots,32
mandarin,32
ga,32
queso,32
en,32
griddle,32
minestrone,32
el,32
ca,32
patty,32
(lunch),32
skillet,32
shumai,30
crawfish,30
thousand,30
quinoa,30
gourmet,30
balsamic,30
velvet,30
tamago,30
broiled,30
head,30
dip,30
pickles,30
caramel,30
empress,30
#NAME?,30
oatmeal,30
choice,30
bomber,30
to,30
rock,30
fortune,30
gino's,30
shang,30
served,30
loverz,30
jasmine,28
plum,28
yam,28
tikka,28
buns,28
mayo,28
s,28
homestyle,28
fudge,28
ton,28
mint,28
treasure,28
loofah,28
custard,28
horchata,28
prik,28
(catering),28
little,28
camarones,28
spider,28
masago,28
ika,28
made,28
hamburger,28
ruby,28
boy,28
regular,28
phe,28
carne,28
item,28
sarpino's,28
mama's,26
tong,26
croaker,26
iron,26
dew,26
instant,26
masala,26
dark,26
tiramisu,26
specialty,26
pesto,26
turtle,26
bento,26
bruschetta,26
york,26
pint,26
pepperoni,26
princess,26
enchilada,26
tako,26
all,26
cobb,26
char,26
tots,26
julienne,26
coated,26
northern,26
chengdu,24
oxtail,24
cuban,24
briskets,24
prawn,24
up,24
b,24
vanilla,24
shiitake,24
long,24
cakes,24
mu,24
dongpo,24
gourd,24
quick-fried,24
fajita,24
tomatoes,24
del,24
y,24
tarta,24
antipasto,24
panino,24
vesuvio,24
culver���s,24
pack,24
novo,24
gai,24
english,24
fingers,24
blackened,24
tortellini,24
mama,24
wrapped,24
pita,24
puff,24
chestnuts,24
shew,24
sunny,24
nama,24
giardinara,24
loaded,24
connie's,24
"18"" ",24
"10"" ",24
great,24
submarine,24
maxwell,24
bar-b-q,24
ribeye,22
sum,22
diet,22
coriander,22
zucchini,22
mouth,22
grouper,22
snapper,22
cuttlefish,22
chi,22
kinds,22
thick,22
chipotle,22
fillets,22
squash,22
22,22
hock,22
honeydew,22
cantaloupe,22
tiger,22
chilli,22
colada,22
ped,22
mostaccioli,22
marsala,22
joe,22
fettuccine,22
surf,22
j,22
way,22
lovers,22
mexicana,22
tentacles,22
philadelphia,22
saba,22
ikura,22
day,22
strip,22
dessert,22
yellowtail,22
camaron,22
ahi,22
crepes,22
cinnamon,22
waffles,22
"7"" ",21
charcoal,20
purple,20
mackerel,20
dace,20
soybean,20
only,20
wontons,20
peel,20
poached,20
carrots,20
wedges,20
124,20
pomegranate,20
peppercorn,20
jade,20
meizhou,20
103,20
eight,20
wild,20
leaf,20
deep-fried,20
sirloin,20
gaeng,20
pastor,20
(does,20
not,20
include,20
chips),20
di,20
vodka,20
linguini,20
mignon,20
reuben,20
north,20
scoop,20
lasagna,20
gluten,20
favorite,20
ceviche,20
flautas,20
pcs.,20
hotate,20
macaroni,20
lentil,20
mediterranean,20
any,20
claws,20
filberts,20
/,20
bites,20
hung,20
avo,20
nectar,20
tap,20
city,20
pcs,20
sichuan-style,20
buttermilk,20
wingstop,20
13,20
31,19
125,19
111,19
(2,19
pieces,18
elbow,18
dill,18
kat,18
prime,18
gumbo,18
slaw,18
bolognese,18
2-Jan,18
freshly,18
manilla,18
giant,18
soft-shelled,18
bull,18
katsu,18
lover,18
toasted,18
10,18
25,18
cherry,18
cannoli,18
taipei,18
cranberry,18
berries,18
square,18
q,18
raspberry,18
sui,18
121,18
122,18
123,18
durian,18
tony's,18
shrimps,18
(with,18
wildberry,18
lard,18
beverage,18
rellenos,18
espresso,18
20,18
cod,18
rapini,18
milanese,18
list,18
quail,18
aromatic,18
chilaquiles,18
muffin,18
pizano's,18
uncle,18
rudy's,18
risotto,18
marinara,18
enchiladas,18
mojo,18
ajo,18
fajitas,18
brussels,18
chirashi,18
dynamite,18
legs,18
kurah,18
beet,18
carpaccio,18
tekka,18
yakitori,18
b.b.q.,18
chilean,18
pretzel,18
liter,18
bourbon,18
sloppy,18
ginoritos,18
sandwiches,18
poke,18
reggie,18
chick,18
coco,18
bulbs,18
low,18
medium,18
quarter,18
pounder,18
cereal,18
taylor,18
coupon,18
trino's,18
4-Jan,17
32,17
24,17
104,17
(6,17
5,17
15,17
mussel,16
pear,16
healthy,16
wan,16
buckwheat,16
bulgogi,16
maggi,16
creamed,16
battered,16
sliders,16
loin,16
11,16
hakka,16
127,16
203,16
see,16
best,16
pick,16
105,16
fu,16
bell,16
manchurian,16
pc),16
syrup,16
tossed,16
pla,16
meal,16
sopa,16
caprese,16
curds,16
shakes,16
pecan,16
park,16
wedge,16
pig's,16
pigeon,16
empanadas,16
sundae,16
bistec,16
flan,16
spice,16
saut��ed,16
herb,16
skewers,16
dates,16
decaf,16
happy,16
sua,16
country,16
muffins,16
tea(cold),16
bridgeport,16
dogs,16
tater,16
poppers,16
negi,16
choco,16
squeezed,16
portion,16
funn,16
superior,16
lb,16
crave,16
case��,16
suizo,16
23,15
120,15
51,15
-4,15
fantail,14
powder,14
gan,14
guo,14
ears,14
yunnan,14
saki,14
ovaltine,14
tasty,14
hind,14
crystal,14
cuttle,14
lai,14
ong,14
aa,14
yakisoba,14
cutlet,14
chae,14
3,14
6,14
7,14
12,14
17,14
36,14
207,14
162,14
chongqing,14
101,14
102,14
n,14
mao,14
kung-pao,14
walnuts,14
pine,14
tortilla,14
plantain,14
vegetariana,14
diavolo,14
artichoke,14
conch,14
c10.,14
amoy,14
harvest,14
mini-quesadillas,14
chile,14
summer,14
yummy,14
inari,14
grape,14
porridge,14
53,14
142,14
turf,14
feta,14
turkish,14
south,14
old,14
tabouli,14
rangoons,14
goose,14
hokkigai,14
suzuki,14
shelled,14
mochi,14
fiesta,14
16,14
texas,14
link,14
southern,14
gym,14
shoe,14
huevo,14
blanket,14
treasures,14
x.o.,14
veg,14
veg.,14
glass,14
gyros,14
crabs,14
jar,14
blend,14
chengdu-style,14
mountain,14
stack,14
canadian,14
belgian,14
(feeds,14
21,13
26,13
126,13
112,13
113,13
c11.,13
13,13
52,13
c1.,13
bon,12
mala,12
zhou,12
maws,12
(aka,12
mala),12
kelp,12
heart,12
wong,12
minghin's,12
tangerine,12
potage,12
royal,12
thinly,12
collar,12
imperial,12
typhoon,12
shelter,12
luciano's,12
plantains,12
naan,12
brussel,12
hundred,12
sriracha,12
2,12
34,12
35,12
c,12
drip,12
ale,12
mash,12
scotch,12
rarebit,12
chua,12
aiyu,12
forest,12
tieguanyin,12
hazelnut,12
pigs,12
164,12
50,12
shabu,12
sting,12
201,12
211,12
jackfruit,12
five,12
lao,12
shiang,12
kidneys,12
extremely,12
106,12
yushiang,12
spareribs,12
pcs�_�,12
(14,12
shell),12
kong-pao,12
yu-xiang,12
brocolli,12
kai,12
nam,12
nar,12
dibi,12
salm�_n,12
pato,12
mariscos,12
gambas,12
marinada,12
patatas,12
berenjena,12
cazuelita,12
buey,12
pincho,12
calamares,12
italiano,12
penne,12
���the,12
original���,12
wisconsin,12
atlantic,12
crinkle,12
sides,12
malts,12
cone,12
quart,12
fresco,12
elmwood,12
arugula,12
diavlo,12
francese,12
brick,12
���big,12
farm,12
poutine,12
annette's,12
pizano,12
mark's,12
brickhouse,12
john's,12
individual,12
angel,12
parm,12
malnati's,12
gluten-free,12
chimichanga,12
pico,12
gallo,12
tamales,12
diabla,12
tortas,12
chiles,12
maine,12
uni,12
sorbet,12
kong-style,12
rare,12
futo,12
tropical,12
caterpillar,12
18,12
56,12
71,12
duck's,12
half,12
berkshire,12
cfh,12
flight,12
oscar,12
t-bone,12
au,12
horseradish,12
point,12
spanish,12
banyan,12
grits,12
tonkatsu,12
yaki,12
thit,12
stem,12
count,12
spiny,12
birds,12
claw,12
kelly,12
crisp,12
portobello,12
ocean,12
lb?,12
general-sols,12
choose,12
create,12
scramble,12
n',12
trash,12
fancy,12
natural,12
ciabatta,12
billy,12
te,12
rancheros,12
asada,12
lengua,12
cho,12
-2,12
shr,12
swt,12
porkchop,12
oreo,12
firecracker,12
fuego,12
luciano���s,12
selection,12
nature,12
saint's,12
alp,12
crumbed,12
goreng,12
tamarind,12
pomfret,12
cottage,12
platters,12
items,12
-6,12
w,12
barbecued,12
salvador,12
yunnan-style,12
tamale,12
raisin,12
b.l.t,12
giro,12
jalapenos,12
nacho,12
town,12
carb,12
marty,12
17,12
3.75,12
206,11
161,11
202,11
204,11
107,11
108,11
114,11
115,11
66,11
55,11
59,11
60,11
61,11
54,11
100,11
144,11
1,11
d1.,11
c2.,11
c3.,11
c4.,11
c5.,11
du,10
mccb,10
back,10
choi,10
tao,10
aged,10
fiji,10
cafe,10
fritters,10
(half),10
raw,10
japchae,10
bibimbap,10
striped,10
beancurd,10
collard,10
luciano,10
seasoning,10
german,10
silver,10
fusion,10
kuro,10
citrus,10
seabass,10
40,10
15,10
16,10
37,10
38,10
39,10
41,10
42,10
chi��n,10
n����_ng,10
daily,10
mai,10
cane,10
chap,10
205,10
209,10
kee,10
401,10
jack,10
t2.,10
109,10
128,10
wangs,10
wide,10
nut,10
turnips,10
star,10
fountain,10
key,10
dook,10
khao,10
su,10
crepe,10
tocino,10
verde,10
jamon,10
helado,10
prosciutto,10
cavatelli,10
rigatoni,10
alla,10
pellegrino,10
applesauce,10
me,10
(,10
hand-stretched,10
farmer's,10
c12.,10
banchan,10
mini-chimichangas,10
fundido,10
o,10
jam,10
crunch,10
ama,10
shiro,10
4,10
chrysanthemum,10
1,10
30,10
57,10
58,10
64,10
65,10
72,10
74,10
80,10
141,10
143,10
145,10
171,10
173,10
176,10
rockefeller,10
tartar,10
jonghe,10
bone-in,10
bird,10
chitterlings,10
crown,10
crazy,10
bay,10
spiral,10
4,10
fava,10
kalamata,10
infused,10
kimchee,10
boston,10
kampyo,10
boat,10
trumpet,10
bulb,10
taiwan,10
candied,10
fred,10
mamas,10
jose,10
barbecue,10
cecina,10
tostadas,10
a3.,10
d5.,10
f2.,10
f4.,10
popper,10
jane,10
hand-cut,10
kumquat,10
peppermint,10
s1.,10
s2.,10
s6.,10
portuguese,10
tongting,10
changde,10
hsiang,10
cross-bridge,10
croissant,10
30,10
escolar,10
kanikama,10
breadsticks,10
ta,10
zo,10
deviled,10
powerhouse,10
lakes,10
18,9
27,9
28,9
152,9
163,9
208,9
210,9
116,9
117,9
129,9
130,9
212,9
213,9
172,9
44,9
62,9
63,9
67,9
83,9
91,9
170,9
174,9
175,9
177,9
24,9
b1.,9
b2.,9
b3.,9
b4.,9
b5.,9
d3.,9
d4.,9
d6.,9
d7.,9
c6.,9
c7.,9
c8.,9
p1.,9
p4.,9
p5.,9
grill,8
whelk,8
fu-kin,8
patties,8
gummy,8
season,8
simmered,8
pangasius,8
pioppini,8
cellophane,8
gel,8
haihuang,8
buta,8
oshinko,8
cider,8
codfish,8
premier,8
woodear,8
stir-fry,8
governors,8
meatloaf,8
pub,8
bubble,8
'n',8
c�_�i,8
chay,8
1,8
18,8
412,8
lavender,8
11,8
151,8
153,8
160,8
110,8
701,8
702,8
(pad,8
402,8
404,8
405,8
governor's,8
603,8
605,8
t1.,8
sze,8
chuan,8
xiang,8
trim,8
potherb,8
gold,8
baicai,8
118,8
tang,8
rural,8
tree,8
wang,8
mustard-green,8
ma-po,8
(1,8
bao-chicka-wow,8
piggy-bao,8
thiou,8
saka,8
thiebaut,8
ensalada,8
pechuga,8
parrilla,8
rellena,8
tuesday,8
antique,8
just,8
fagioli,8
olives,8
appetizers,8
lan,8
pike,8
cocoa,8
cantina,8
sopes,8
filete,8
st.,8
massachusetts,8
thigh,8
build-your-own,8
c-b:,8
agedashi,8
cress,8
double-cooked,8
sunset,8
8,8
33,8
43,8
dong,8
70,8
73,8
75,8
76,8
77,8
joint,8
131,8
140,8
pu,8
(for,8
doner,8
(shawarma),8
hangover,8
baba,8
baklava,8
hollow,8
cutlets,8
nuong,8
com,8
dua,8
(hot),8
hoof,8
chunk,8
chestnut,8
light,8
precious,8
farmhouse,8
caesars,8
soho,8
baja,8
champion,8
endurance,8
rapture,8
twist,8
tex,8
mex,8
skinny,8
straws,8
very,8
breeze,8
links,8
pound,8
e-mien,8
mien,8
alaskan,8
by,8
crumbled,8
donuts,8
provolone,8
seniors,8
sope,8
shake,8
ewe,8
kha,8
massaman,8
khee,8
cantonese-style,8
ding,8
six,8
beginners,8
adventurer's,8
e1.,8
boba,8
u7.,8
a6.,8
(dices),8
woonsen,8
still,8
gomaae,8
angry,8
ponzu,8
hirame,8
anago,8
uzura,8
hotategai,8
amaebi,8
alaska,8
una,8
kyu,8
broccolini,8
tonic,8
n.y.,8
southwest,8
+,8
peaches,8
rye,8
9,8
things,8
chao,8
sago,8
bairdi,8
ding-,8
ethiopia,8
home-style,8
our,8
hundred-flavored,8
irish,8
denver,8
bagel,8
slow,8
monster,8
nibblers��,8
slider��,8
ring,8
sack,8
fudge-dipped,8
selections),8
dressing,8
marbled,8
fragrance,8
topped,8
george,8
plains,8
steel,8
cage,8
parfait,8
sider,8
high,8
protein,8
idaho,8
se-lew,8
biscuit,8
chicago-style,8
rosati's,8
casseroles,8
16,7
411,7
3,7
5,7
12,7
154,7
156,7
703,7
705,7
706,7
403,7
601,7
602,7
215,7
216,7
-8,7
b19.,7
5,7
19,7
68,7
69,7
78,7
81,7
82,7
84,7
86,7
88,7
133,7
165,7
3,7
7,7
220,7
20,7
214,7
v5.,7
s3.,7
s4.,7
s5.,7
b6.,7
b7.,7
b8.,7
c9.,7
pure,6
szechaun,6
canton,6
firm,6
base,6
hawaii,6
meat),6
diving,6
seed,6
cola,6
huajuan,6
cage-free,6
sleepy,6
goby,6
turbot,6
flavors,6
young-chow,6
cesar,6
hurricane,6
escovitch,6
chardonnay,6
callaloo,6
tso,6
lean,6
hand-pulled,6
lucianos,6
cole,6
rosselini,6
olivio,6
world,6
rocky's,6
rub,6
lichee,6
fanta,6
tea-flavored,6
sphere,6
millionaire,6
takoyaki,6
koren,6
drums,6
tteokbokki,6
dak,6
bonchon,6
warm,6
chazuke,6
toppings,6
(pork),6
ramune,6
coppa,6
western,6
fizz,6
kombuchade,6
pleasant,6
farms,6
balti,6
pasty,6
bangers,6
chutney,6
wee,6
o',6
welsh,6
ploughman's,6
heo,6
kem,6
cp,6
mochaberry,6
hokkaido,6
okinawa,6
ceylon,6
jateide,6
gua,6
tower,6
ba,6
cheek,6
danzai,6
sparerib,6
wintermelon,6
spam,6
goji,6
13,6
saigon,6
157,6
704,6
707,6
406,6
407,6
408,6
410,6
413,6
414,6
301,6
304,6
305,6
306,6
501,6
607,6
608,6
zigong,6
cups,6
leeks,6
glutinous,6
xiao,6
qi,6
fei,6
pian,6
yuan,6
fungi,6
606,6
a02.,6
gizzards,6
fruits,6
colorful,6
neckbone,6
flammulina,6
homenade,6
(long,6
shape),6
hairtail,6
thile-shaped,6
crub,6
rape,6
tear,6
#NAME?,6
twice-cooked,6
sweet-bean,6
choos,6
dry-stirred,6
leeches,6
(herbal,6
tea),6
sunrise,6
frosty,6
tart,6
funky,6
monkey,6
willy,6
jarritos,6
encrusted,6
waan,6
neau,6
larb,6
woon,6
sen,6
som,6
tum,6
kra,6
praow,6
tuah,6
paak,6
daeng,6
bami,6
rama,6
alubias,6
negras,6
dia,6
peque��a,6
cabrales,6
remolacha,6
gabriela,6
temporada,6
quesos,6
espa��oles,6
curado,6
jam�_n,6
serrano,6
centollo,6
salpic�_n,6
espa��ola,6
aceitunas,6
ali��adas,6
marinadas,6
alcachofas,6
jam�_n,6
ib��rico,6
alioli,6
tomate,6
escalivada,6
trucha,6
caldero,6
madrile��o,6
empanada,6
pipirrana,6
ajillo,6
salteado,6
hortalisas,6
pimientos,6
piquillo,6
confitado,6
champi��ones,6
cabra,6
tinta,6
solomillos,6
vieiras,6
albari��o,6
faldilla,6
morcilla,6
solomillo,6
d��tiles,6
bravas,6
cordero,6
pulpo,6
croquetas,6
setas,6
valenciana,6
pl��tano,6
frutas,6
blanco,6
caramelo,6
pacanas,6
crema,6
pera,6
profiteroles,6
pirineo,6
calabaza,6
heaven,6
foster,6
poblano,6
guac,6
habanero,6
sourdough,6
entr��e,6
stea,6
frie,6
handcrafted,6
beverages,6
floats,6
includes,6
toppings/mix-ins.,6
strawberries,6
raspberries,6
butterscotch,6
bananas,6
blackberries,6
cherries,6
almonds,6
cashews,6
pecans,6
concrete,6
mixers,6
split,6
(pints),6
bleu,6
ribbon,6
fern,6
backstraps,6
aorta,6
body,6
chicago's,6
quattro,6
formaggio,6
casaccio,6
fra,6
grandma's,6
rottolo,6
armand's,6
burrata,6
linguine,6
finger,6
papperdelle,6
ziti,6
orecchiette,6
shells,6
saltimbocca,6
stabile,6
lorraine,6
jim���,6
colosimo,6
kingpin,6
frankie���s,6
feast,6
bill���,6
thompson,6
don���t,6
call,6
dinners,6
include:,6
tramp,6
caesar..........serves,6
hooch,6
(alcohol),6
martini,6
soup),6
dice,6
gingerbreadtoast,6
cubano,6
buttered,6
sammy,6
pb,6
pistachio-rum,6
maria���s,6
standard,6
pierogis,6
kopo,6
bing,6
bong,6
bi,6
bim,6
noods,6
ko-po,6
kimski,6
mizeria,6
dressed,6
an,6
serving,6
anything.,6
bottoms,6
wiggy's,6
"hey, 6hey ",6
carb-free,6
chads,6
pat,6
pauli's,6
frank,6
gallo's,6
"hole, 6wall ",6
cacciatore,6
hair,6
robert's,6
gnocchi,6
sam's,6
strauss,6
ann,6
marie's,6
stormin,6
norman,6
van,6
lier's,6
jay's,6
andi's,6
kiki's,6
fusilli,6
holly,6
spumoni,6
bills,6
coctel,6
tampiquena,6
lomo,6
pescado,6
candy,6
chigae,6
bibim,6
jun-gol,6
bo,6
ahjoomah's,6
apron,6
gift,6
card,6
9,6
xinjiang,6
79,6
85,6
89,6
90,6
92,6
peppercorns,6
silky,6
132,6
146,6
shaved,6
lollipops,6
ladder,6
bisque,6
wilted,6
iceberg,6
amish,6
porterhouse,6
agnolotti,6
faroe,6
dover,6
delmonico,6
chateaubriand,6
b��arnaise,6
bordelaise,6
poivre,6
cr��me,6
fra��che,6
gratin,6
whipped,6
mick,6
truffle,6
ketchup,6
2,6
6,6
8,6
9,6
200,6
221,6
222,6
z,6
smash,6
ganoush,6
kibbeh,6
tripoli,6
lebanese,6
pies,6
shoestring,6
cayenne,6
brie,6
leave,6
jerusalem,6
fattoush,6
butternut,6
kifta,6
(ground,6
lamb),6
angus,6
rib-eye,6
flatbread,6
aioli,6
tahini,6
lava,6
maritavora,6
pedro,6
ximenez,6
sherry,6
arabian,6
night,6
assortment,6
arabic,6
savory,6
from,6
sparkling,6
san,6
kafta,6
cornbread,6
granola,6
bakehouse,6
strata,6
chevre,6
soba,6
botan,6
alasaka,6
eagle,6
anaconda,6
halloween,6
blossom,6
fuji,6
grayslake,6
sixteen,6
kamikaze,6
sexy,6
fallen,6
yakuza,6
iit,6
uic,6
paradise,6
fans,6
smashed,6
suckling,6
eight-treasure,6
egg-tofu,6
silken,6
fuzzy,6
runny,6
manila,6
hokkien,6
yin-yang,6
zeochew,6
tuber-mustard,6
pull,6
dan-dan,6
stripped,6
guangdong,6
calmex,6
hasma,6
turnover,6
puffs,6
yin,6
bones,6
indian,6
sauces,6
t'so,6
cobbler,6
perch,6
young(3),6
hen,6
**new**,6
(or,6
not),6
ginos,6
truck,6
vienna,6
gryo,6
amber's,6
grandma,6
crystal's,6
aloe,6
vera,6
antipasta,6
rodeo,6
full,6
rio,6
salami,6
cans,6
sodas,6
gusto,6
arroz,6
ranchero,6
masa,6
picadillo,6
tripas,6
platillo,6
empanizados,6
res,6
seasons,6
toasts,6
to-fu,6
blk/b,6
(filet,6
steak),6
(ribeye),6
ck,6
budda,6
u1.,6
u2.,6
u3.,6
u5.,6
u6.,6
a1.,6
a2.,6
a5.,6
hu,6
v1.,6
v2.,6
v4.,6
d2.,6
d8.,6
d10.,6
e2.,6
e3.,6
e4.,6
e5.,6
e6.,6
f1.,6
f5.,6
f6.,6
f7.,6
cha,6
caramelized,6
caps,6
shuffle,6
molly's,6
`n`cheese,6
hillbilly,6
georgie,6
southside,6
rockin`,6
main,6
stage,6
glick,6
tex-mex,6
plane,6
gramma,6
brother,6
jon`s,6
carlissimo,6
mashers,6
n`,6
abita,6
cupcake,6
moon,6
tea-coffee,6
germ,6
frothy-coffee,6
surprise,6
lait,6
sumiyaki,6
mocha,6
cooler,6
flake,6
potatao,6
roti,6
canai,6
taste,6
laksa,6
217,6
218,6
219,6
224,6
mo,6
asian,6
nasi,6
182,6
s7.,6
strings,6
b9.,6
p2.,6
p6.,6
p7.,6
p9.,6
p10.,6
l3.,6
n1.,6
n2.,6
n3.,6
n4.,6
monte,6
cristo,6
kosher,6
ginseng,6
sorbies,6
remix,6
meats,6
macau,6
yo,6
pumpernickel,6
boxed,6
lunches,6
liters,6
fritti,6
roma,6
giorno,6
neighborhood,6
giardiniera,6
sue's,6
limone,6
flour,6
schmancy,6
freedom,6
prankster,6
pei,6
jolly,6
guinness,6
anchors,6
away,6
ala,6
dreaming,6
southsider,6
simplest,6
saffron,6
combinacion,6
brine,6
liege,6
greentea,6
albondigas,6
oz),6
mac-n-cheese,6
add:\nblackened,6
country-style,6
flounder,6
bird's,6
florentine,6
harvey's,6
grecian,6
bed,6
omelett,6
browns,6
#NAME?,6
olimpia,6
bar-b-que,6
burritos,6
tortillas,6
punch,6
paletas,6
limon,6
mayflower,6
packet,6
nachomale,6
guava,6
18th,6
pina,6
hakkigai,6
g.,6
h.,6
i.,6
cubby,6
italy,6
pilsen,6
ay,6
caramba!,6
heartland,6
ancient,6
grains,6
juniper,6
quenchers,6
mason,6
house-made,6
fork,6
starbucks,6
pressed,6
hormone,6
incl,6
.,6
o���brien,6
jour,6
dq,6
nicoise,6
decker,6
���blt���,6
relle��o,6
star���s,6
chinatown,6
(12,6
cube,6
1-topping,6
bosco,6
brave,6
cowboy,6
malibu,6
meaty,6
eli's,6
l1.,5
852,5
2,5
7,5
9,5
10,5
14,5
15,5
158,5
159,5
802,5
709,5
710,5
409,5
415,5
416,5
303,5
502,5
503,5
504,5
609,5
611,5
613,5
614,5
563,5
523,5
624,5
625,5
119,5
a01.,5
a07.,5
a09.,5
a10.,5
a11.,5
a12.,5
(10,5
b12.,5
50,5
45,5
46,5
47,5
48,5
49,5
87,5
93,5
94,5
95,5
96,5
97,5
98,5
99,5
134,5
135,5
136,5
148,5
150,5
100,5
192,5
194,5
29,5
d9.,5
5,5
181,5
183,5
4.25,5
cheng,4
numb,4
craw,4
tripes,4
chong,4
jiao,4
(dark,4
coca,4
jadite,4
ہmushroom,4
gizzard,4
maojian,4
longjing,4
biluochun,4
buddism,4
yangxian,4
dahongpao,4
pu'er,4
jasine,4
��_�_���_,4
tremella,4
citron,4
sparking,4
varieties,4
man-tou,4
guy,4
roots,4
luncheon,4
griled,4
outside,4
jowl,4
saute,4
concubine,4
xinjian,4
grain,4
signapore-style,4
oden,4
kamo,4
skins,4
without,4
marinade,4
jap,4
samkyeopsal,4
puree,4
dolo,4
oriental,4
styles,4
macadamia,4
grassflower,4
whites,4
tails,4
headless,4
skinless,4
snails,4
tomyum,4
melted,4
additional,4
marble,4
swirl,4
it,4
cheescake,4
r,4
g���i,4
t��m,4
g���i,4
b�_,4
c��,4
c��,4
c��m,4
810,4
8,4
tons,4
hot-sour,4
801,4
hainan,4
(bulgogi),4
857,4
ew),4
mao),4
307,4
308,4
310,4
311,4
312,4
313,4
315,4
505,4
508,4
612,4
615,4
616,4
617,4
618,4
619,4
621,4
622,4
202,4
203,4
501,4
553,4
506,4
leafs,4
509,4
flaming,4
book,4
wood-ear,4
dong-po,4
xin,4
yinbin,4
freshest,4
bai,4
cai,4
phoenix,4
numbing,4
houttuynia,4
icy,4
512,4
604,4
a08.,4
a13.,4
vita,4
proteins,4
sausages,4
star's,4
kitchen,4
--,4
tequila-lime,4
cry,4
keow,4
see-iew,4
kuay,4
tiew,4
koong,4
paow,4
rard,4
hoi,4
fataya,4
nem,4
graine,4
(from,4
ivory,4
coast),4
maffe,4
brochette,4
jun,4
naar,4
couscous,4
jollof,4
fufu,4
attieke,4
thiakry,4
bissap,4
(sorrel),4
baobab,4
(pop),4
carnita,4
special:,4
agua,4
fresca,4
(kale),4
arancini,4
(riceball),4
doz),4
mona,4
lisa,4
(bowl),4
melanzana,4
focaccia,4
italiana,4
tacchino,4
melanzane,4
tortiglioni,4
carbonara,4
capellini,4
scoglio,4
zuppa,4
pesce,4
fettuccini,4
siciliana,4
scallopini,4
lemone,4
oreganato,4
polenta,4
ripieni,4
frutta,4
flute,4
limoncello,4
caffe,4
tartuffo,4
spumone,4
(wedge),4
biang,4
(hoisin,4
sauce),4
bone),4
slurp,4
bak,4
s10.,4
quails,4
b10.,4
b11.,4
b13.,4
b14.,4
b15.,4
b16.,4
b17.,4
b18.,4
n01.,4
mayan,4
caldo,4
arbol,4
puerco,4
tinga,4
mole,4
cactus,4
sopapillas,4
platano,4
frito,4
rompope,4
brunswick,4
aunt,4
hill,4
connecticut,4
chesapeake,4
maryland,4
canap��s,4
carolina,4
dijonaise,4
foraged,4
ragout,4
acadia,4
fontina,4
fig,4
gem,4
charcuterie,4
horlick,4
asian-chicken,4
chiuchaw,4
master,4
kabucha,4
yuke,4
olympic,4
fired,4
punk,4
yom,4
c-a:,4
c-c:,4
c-d:,4
c-e:,4
c-f:,4
c-g:,4
callifornia,4
fluke,4
roe,4
lidako,4
wakame,4
s-a,4
s-b,4
s-c,4
d,4
e,4
chik,4
filled,4
kalguksu,4
nang,4
myun,4
3rd,4
hard,4
changqing,4
jia,4
duo,4
wraps,4
brain,4
spine,4
max,4
luffa,4
137,4
138,4
pepper),4
139,4
149,4
soaked,4
tuber,4
borek,4
ezme,4
dolma,4
cacik,4
piyaz,4
meze,4
galata,4
turca,4
manti,4
(feraye),4
bar,4
pan-seared,4
ever,4
ashman,4
jersey,4
shore,4
dirty,4
revolution,4
gobbler,4
shroom,4
savage,4
191,4
193,4
223,4
belt,4
grown,4
condensed,4
nong,4
trung,4
xay,4
works,4
binh,4
workers,4
xoi,4
canh,4
chien,4
nuoc,4
mam,4
goi,4
trai,4
vai,4
siu,4
chiu-chow,4
eggplants,4
kien,4
e-f,4
chou,4
u-dong,4
rich,4
village,4
soup(large),4
bones),4
pok,4
granny,4
smith,4
delicious,4
danjou,4
pears,4
oranges,4
zesty,4
power,4
wester,4
crunchie,4
wave,4
liquid,4
essentials,4
zinger,4
detox,4
pleasure,4
hail,4
tastic,4
abc,4
peligrino,4
smart,4
17,4
tsao,4
6,4
19,4
on-choy,4
water-cress,4
chins,4
real,4
girlfriend,4
dinky,4
dunkers,4
louis,4
delux,4
yams,4
puddding,4
zings,4
ovaltine(cold),4
osmanthus,4
swamp,4
(ungagi),4
woodears,4
vegetable/,4
vermecelli,4
toisan,4
mianchi,4
pieces?,4
gumgemese,4
crab(each),4
lb),4
snail,4
scallop(each),4
clam(each),4
oysters(each),4
bass(each),4
bigg,4
monday,4
wednesday,4
thursday,4
friday,4
sunday,4
saturday,4
frots,4
(fries,4
tots),4
chz,4
d*reds,4
mode,4
try,4
mozarrella,4
limonada,4
leche,4
naranja,4
tu,4
verdes,4
frijoles,4
gordita,4
cubana,4
relleno,4
milanesa,4
pastel,4
shoulder,4
clay,4
na,4
bodhi,4
hon,4
pok-choy,4
soyed,4
wit,4
sun,4
delicacy,4
moy's,4
evergreen,4
-3,4
-5,4
a7.,4
dr10.,4
smoothie`,4
meet,4
u,4
chill,4
last,4
paris,4
creamsicle,4
mornings,4
tango,4
outrageously,4
take,4
who,4
wants,4
be,4
melon-aire?,4
xeo,4
hue,4
tieu,4
see-eiw,4
kao-soy,4
bamee,4
g11.,4
bangkok,4
crying,4
evian,4
badoit,4
corny,4
tartare,4
a-ge,4
oyako,4
niku,4
kyuri,4
mak6,4
coast,4
tekyu,4
kappa,4
sherbet,4
kiddie,4
acqua,4
panna,4
filets,4
soft-shell,4
england,4
chowder,4
saled,4
blackhawks,4
bengal,4
c.o.h.,4
ichi,4
royale,4
delaware,4
lg,4
montauk,4
naked,4
cowboys,4
(l.i.),4
washburn,4
wellfleet,4
fanny,4
kumamoto,4
shigoku,4
shooter,4
boil,4
scottish,4
pilav,4
plantains.,4
mule,4
apple-tini,4
gelato,4
foot,4
d11.,4
d12.,4
d13.,4
d14.,4
d15.,4
d16.,4
d17.,4
d18.,4
d19.,4
d20.,4
d21.,4
d22.,4
d23.,4
d30.,4
d31.,4
d32.,4
d33.,4
d34.,4
d35.,4
d36.,4
d40.,4
d41.,4
d42.,4
d43.,4
d44.,4
d45.,4
d46.,4
d47.,4
d48.,4
d49.,4
d50.,4
d51.,4
195,4
197,4
198,4
199,4
athenian,4
weight,4
watcher,4
sendwich,4
loaf,4
pormesan,4
brewed,4
vaca,4
panza,4
burro,4
harrison,4
tao`s,4
coffee-tea,4
melange,4
hand-shredded,4
mai-tou,4
station,4
choices,4
jian,4
drumstick,4
pamelo,4
w/pork,4
snap,4
john,4
252,4
152,4
mar,4
gong,4
thread,4
403,4
404,4
jello,4
menudo,4
-12,4
w/ginger,4
w/spicy,4
mpc,4
w/c,4
opilio,4
sockeye,4
2-liter,4
flavoured,4
mom,4
earthen,4
farmers,4
wall,4
har,4
junbi,4
blend-1lb,4
bubbly,4
#NAME?,4
josefita,4
salvador-la,4
florida,4
limu,4
guatemala-huehuetenango,4
hardscrabble,4
mayor's,4
stockyard,4
sulawesi,4
beijing-style,4
steaming,4
rajas,4
huachinango,4
tres,4
poorboy,4
skippers,4
giardeniara,4
rc,4
rite,4
dr.,4
(bottle),4
giardinera,4
tuscan,4
layer,4
buster,4
biscuits,4
cal,4
energy��,4
gallon,4
ten,4
twenty-piece,4
twenty,4
gooey,4
(3,4
peppered,4
kernel,4
silk,4
edible,4
cattle,4
maggie,4
encased,4
breading,4
teochew,4
fragrant,4
fujianese,4
julienned,4
gosse,4
web,4
cucumbers,4
mung,4
scented,4
cloud,4
spices,4
rustic,4
sun-dried,4
hibachi,4
yet,4
lung,4
fung,4
toy,4
731,4
732,4
733,4
734,4
735,4
(rice,4
water),4
chuleta,4
trouble,4
fashion,4
ol,4
rosemary,4
killer,4
northsider,4
dollar,4
hollandaise,4
personal,4
(head-on),4
(headless),4
ahi-poki,4
tataki,4
buddha's,4
godzilla,4
miami,4
nirvana,4
loving,4
you,4
amber,4
arizona,4
moonlight,4
amazing,4
domino,4
windy,4
sox,4
aac,4
yasai,4
taktaki,4
hokki,4
hai,4
ebi-q,4
unagi-q,4
a.,4
b.,4
c.,4
d.,4
e.,4
f.,4
non-raw,4
desert,4
yangzhow,4
sinapore,4
a4.,4
u4.,4
f3.,4
e7.,4
bonanza,4
6-pack,4
cob,4
dipping,4
fabulous,4
mania,4
godfather,4
rosati���s,4
(16,4
(18,4
pomodoro,4
zeppole,4
frites,4
mc,4
cormick,4
chicago���s,4
sofrito,4
radicchio,4
market,4
succotash,4
tootsie,4
ha,4
agen,4
dazs,4
804,3
851,3
853,3
854,3
855,3
856,3
858,3
859,3
860,3
861,3
862,3
863,3
506,3
507,3
623,3
625,3
628,3
629,3
630,3
631,3
632,3
633,3
634,3
609,3
564,3
529,3
102,3
103,3
104,3
105,3
106,3
108,3
109,3
112,3
114,3
115,3
117,3
118,3
119,3
120,3
204,3
205,3
206,3
207,3
208,3
301,3
302,3
303,3
304,3
305,3
306,3
307,3
308,3
311,3
312,3
313,3
315,3
317,3
318,3
319,3
320,3
502,3
508,3
510,3
512,3
513,3
514,3
515,3
518,3
519,3
520,3
521,3
522,3
524,3
525,3
551,3
552,3
554,3
408,3
410,3
411,3
413,3
414,3
416,3
417,3
451,3
457,3
458,3
459,3
461,3
557,3
558,3
559,3
560,3
561,3
562,3
565,3
566,3
571,3
572,3
573,3
574,3
622,3
623,3
801,3
803,3
804,3
806,3
807,3
808,3
809,3
810,3
811,3
812,3
424,3
a04.,3
513,3
514,3
516,3
417,3
418,3
419,3
420,3
422,3
302,3
�_�6,3
(5,3
1,3
jacks..........serves-2..........$5.95,3
jacks..........serves-4..........$9.95,3
shrimp..........serves-2..........$8.95,3
caesar..........serves-3-4.........$11.95,3
8-10..........$17.95,3
c09.,3
fe01.,3
c02.,3
c04.,3
c05.,3
c13.,3
c14.,3
c15.,3
c16.,3
c17.,3
c18.,3
147,3
155,3
166,3
1),3
230,3
233,3
190,3
253,3
255,3
260,3
261,3
262,3
263,3
264,3
265,3
266,3
267,3
708,3
711,3
3-cup,3
20,3
21,3
451,3
452,3
453,3
454,3
456,3
457,3
458,3
658,3
60616,3
tac0,3
16.9,3
v3.,3
7,3
d24.,3
d25.,3
d26.,3
d27.,3
d28.,3
d29.,3
d37.,3
d38.,3
d39.,3
d52.,3
d53.,3
d54.,3
d55.,3
d56.,3
d57.,3
d58.,3
196,3
s8.,3
s9.,3
s11.,3
s12.,3
s13.,3
s14.,3
s15.,3
s16.,3
s17.,3
s18.,3
s19.,3
s20.,3
s21.,3
s22.,3
s23.,3
s24.,3
s25.,3
s26.,3
s27.,3
s28.,3
s29.,3
s30.,3
p8.,3
p11.,3
l2.,3
l4.,3
n5.,3
n6.,3
179,3
184,3
185,3
368,3
7-up,3
4,3
1503,3
(1/2),3
16/20,3
(6pcs),3
$6\ngrilled,3
$3\ngrilled,3
$5,3
620,3
p3.,3
75,3
2/2/02,3
11,3
19,3
4-cheese,3
2pc,2
freezing,2
fruity,2
(garlic),2
hangzhou,2
sand,2
fly,2
mei,2
meiji,2
konjac,2
qing,2
plant,2
selections,2
w/flank,2
(white,2
lilium,2
coca-cola,2
coy,2
indonesia,2
chiken,2
female,2
caplin,2
no,2
mangonadas,2
mince,2
bits,2
tsukemen,2
(dipping,2
noodle),2
cat,2
bomb,2
(duck,2
breast),2
ajitsuke,2
moriawase,2
buto,2
table,2
sasa,2
dango,2
chocolates,2
cu���n,2
h�_�n,2
x�_c,2
b��nh,2
��a,2
��u,2
����_,2
b�_�ch,2
tu���c,2
s�_,2
��i���p,2
c��nh,2
g��,2
t���i,2
th���t,2
x����ng,2
kho,2
v���t,2
quay,2
l��,2
chanh,2
s��,2
n�_�u,2
n����_c,2
d���a,2
ch�_�,2
h��,2
n���i,2
b�_�p,2
b��ng,2
tr�_�ng,2
n�_�m,2
���__u,2
h��,2
m��,2
ri,2
gi�_n,2
d��a,2
leo,2
mu���i,2
c��_,2
r���t,2
tr��i,2
c��y,2
ph���ng,2
ch��,2
4-a.,2
4-b.,2
803,2
811,2
812,2
813,2
814,2
815,2
816,2
817,2
818,2
819,2
820,2
821,2
822,2
831,2
832,2
833,2
834,2
835,2
836,2
837,2
838,2
840,2
626,2
627,2
201,2
705,2
706,2
5611,2
t3.,2
never,2
forget,2
colors,2
rack,2
paddywack,2
tooth,2
frogs,2
guo-hot,2
combination.,2
530,2
526,2
428,2
429,2
604,2
618,2
615,2
482,2
555,2
434,2
575,2
jiazhou,2
beed,2
jiang,2
ging,2
chongqi,2
feng,2
net,2
lalala,2
mon,2
go,2
lian,2
nine,2
story,2
pagoda,2
nan,2
jing,2
color,2
romaine,2
hometown,2
festival,2
zhong's,2
dump,2
lings,2
boo,2
hear,2
breaking,2
crushed,2
ferment,2
wanton,2
ti,2
hua,2
509,2
510,2
511,2
seven,2
step,2
515,2
vessele,2
preserve,2
xue,2
miners',2
421,2
tendertofu,2
427,2
428,2
429,2
squirrel,2
309,2
314,2
316,2
317,2
318,2
319,2
320,2
stripes,2
cabge,2
bb,2
610,2
wosun,2
a03.,2
a05.,2
a06.,2
vessel,2
numblng,2
authentic,2
(pick,2
only),2
mother,2
clucker,2
stelote,2
called,2
william,2
tequila,2
toritlla,2
guacamole),2
buttercream,2
frosting,2
ping,2
shu-mai,2
sa-ded,2
miang,2
sa-wan,2
vege,2
poh,2
tak,2
ka,2
num,2
tok,2
naem,2
sod,2
muk,2
moung,2
him,2
chou-ci,2
gari,2
masaman,2
pet,2
pa,2
goong,2
plamuk,2
chou-chi,2
talay,2
roum,2
mit,2
kratiam,2
lun,2
kana,2
naam,2
mun,2
preow,2
(4,2
(1/2,2
stir-fried/sliced,2
pcs.),2
vertebrae,2
wide/thin,2
(single,2
piece),2
chewy,2
refreshing,2
ears.,2
hawthorn,2
sp05.,2
sp39.,2
shp04.,2
shp10.,2
v05.,2
mutton,2
steaks,2
c01.,2
c03.,2
c06.,2
c07.,2
saltyfish,2
c08.,2
pi-pa,2
n02.,2
n03.,2
n04.,2
n05.,2
n06.,2
n07.,2
fe02.,2
fe03.,2
fe04.,2
fe05.,2
fe06.,2
panela,2
alambres,2
zamora,2
(lomo,2
saltado),2
arrachera,2
michoacano,2
(pollo,2
mole),2
parrillada,2
mixta,2
gordo,2
(fried,2
cream),2
36,2
ting,2
jamaican,2
broasted,2
thighs,2
oxtails,2
excoveitched,2
diner,2
ml,2
mul-mandu,2
kim-malee,2
dipped,2
dduk,2
kochi,2
yookgae,2
jang,2
seol-long,2
doenjang,2
hamool,2
soontofu,2
bokki,2
jjukumi-bokum,2
haejangguk,2
(hangover,2
ramyun,2
soon,2
bop,2
kalbi-tang,2
ssamgae-tang,2
heamul,2
jjamppong,2
jjolmyun,2
jopchae,2
mul,2
boodae,2
haemool,2
mandoo,2
ddukbokki,2
ssam,2
kalbi,2
buy,2
get,2
doeji,2
yangnyun,2
buldak,2
(side,2
dish),2
#NAME?,2
sujunggwa,2
peppery,2
szechuan-style,2
seedlings,2
(fresh,2
garlic),2
cowpea,2
bullfrog,2
168,2
169,2
knife,2
unlfiltered,2
(bao),2
westlake,2
sautee,2
garli,2
lucky,2
jonny,2
dodge,2
russet,2
unsalted,2
d02.,2
d03.,2
d05.,2
barbeque,2
231,2
232,2
235,2
236,2
237,2
238,2
yeung,2
239,2
250,2
251,2
254,2
268,2
280,2
282,2
283,2
c013.,2
c511.,2
c512.,2
c514.,2
c515.,2
c523.,2
tangy,2
mau,2
neckbones,2
cvegetable,2
kraut,2
mushu,2
skewered,2
curried,2
glaze,2
izze,2
perrier,2
fet-toush,2
gannoush,2
container,2
pistachio,2
kinafa,2
rissa,2
har-gow,2
li-wan,2
trump,2
korean-style,2
shiitaki,2
yun,2
tarts,2
pasee,2
sai,2
woo,2
shallots,2
buddhist,2
chiu-style,2
x.,2
o.,2
hamoon,2
man,2
thailand,2
shitaki,2
haka,2
mongolina,2
cassreol,2
large),2
chicken(w,2
have,2
streaky,2
tso���s,2
sweat,2
964,2
972,2
904,2
911,2
912,2
magic,2
712,2
713,2
dumping,2
conpoy,2
unique,2
517,2
518,2
519,2
520,2
521,2
525,2
526,2
527,2
530,2
533,2
534,2
400,2
455,2
ken,2
kin,2
yau,2
vegetaable,2
(hollow,2
vegetable),2
(peapod's,2
leaves),2
choy-sum,2
751,2
757,2
758,2
759,2
760,2
761,2
764,2
765,2
766,2
767,2
768,2
769,2
770,2
771,2
772,2
773,2
774,2
vegetables),2
ken-kee,2
omlette,2
burning,2
651,2
652,2
653,2
655,2
660,2
calypso,2
lightly,2
eat,2
m1.,2
m2.,2
m3.,2
m4.,2
m5.,2
m6.,2
m7.,2
m8.,2
m9.,2
m10.,2
125.bbq,2
?1.5,2
oyster?4,2
1.5lb,2
shrimp(1,2
geoduck(1,2
crab?6,2
20oz,2
steakhouse,2
tator,2
jamaica,2
betabel,2
zanahoria,2
apio,2
combinalos,2
fresa,2
avena,2
desayunos,2
salchicha,2
rojos,2
especiales,2
solo,2
cebollitas,2
ordenes,2
toreados,2
gorditas,2
huarache,2
sincronizada,2
banderillas,2
zarape,2
papas,2
veracruzana,2
costillas,2
rojas,2
kaathi,2
paneer,2
makhani,2
chatpat,2
gobi,2
(cauliflower),2
kolkata,2
pulao,2
for3,2
dr1.,2
dr2.,2
dr4.,2
dr5.,2
dr7.,2
dr8.,2
dr9.,2
dr12.,2
dr13.,2
dr15.,2
dr16.,2
dr17.,2
dr18.,2
dr19.,2
dr20.,2
dr21.,2
dr22.,2
dr23.,2
dr24.,2
u8.,2
u9.,2
u10.,2
u11.,2
u12.,2
u13.,2
u14.,2
u15.,2
3-layers,2
v6.,2
v7.,2
v8.,2
3-layer,2
f8.,2
f9.,2
f10.,2
f11.,2
f12.,2
f13.,2
f14.,2
g1.,2
g2.,2
g3.,2
g4.,2
g5.,2
g6.,2
g7.,2
g8.,2
g9.,2
g10.,2
g12.,2
g13.,2
g14.,2
g15.,2
g16.,2
g17.,2
g18.,2
g19.,2
g20.,2
g21.,2
g22.,2
mak4,2
hoagy,2
(turkey,2
ham),2
breads,2
burgers,2
34th,2
35th,2
horlicks,2
22,2
lungs,2
peking-style,2
51,2
52,2
bonito,2
whitebait,2
pattie,2
paper,2
257,2
258,2
259,2
431,2
432,2
351,2
356,2
357,2
358,2
360,2
361,2
362,2
364,2
365,2
366,2
367,2
369,2
370,2
371,2
372,2
xiamen,2
60,2
61,2
64,2
tenderous,2
65,2
japanese-style,2
66,2
67,2
68,2
mango-citrus,2
logan,2
prince,2
ginkgo,2
pate,2
indonesian,2
horsebean,2
chuanbei,2
multi-flavored,2
chives/leeks,2
rolled,2
sinew,2
winkle,2
frostfish,2
houser,2
w/bone,2
braise,2
sha,2
soft-fried,2
mellea,2
gingko,2
511,2
621,2
453,2
454,2
455,2
456,2
111,2
251,2
253,2
254,2
255,2
256,2
257,2
258,2
153,2
154,2
155,2
156,2
157,2
158,2
159,2
160,2
161,2
162,2
163,2
164,2
165,2
166,2
167,2
168,2
169,2
209,2
210,2
211,2
212,2
213,2
214,2
215,2
216,2
217,2
218,2
219,2
220,2
221,2
223,2
224,2
225,2
226,2
227,2
229,2
231,2
351,2
353,2
354,2
309,2
321,2
323,2
324,2
326,2
402,2
405,2
406,2
407,2
409,2
guisado,2
sticks),2
press,2
stuffing,2
budha,2
nest',2
w/bitter,2
vegetarians,2
beef/shrimp/chicken,2
w/shrimp,2
w/three,2
delicacies,2
w/seafood,2
w/tofu,2
w/fish,2
w/vegetables,2
w/mushrooms,2
fok-kin,2
bailing,2
tongues,2
heads,2
agrocybe,2
omasum,2
giblets,2
conger,2
pola,2
yangchou,2
goo,2
vinegary,2
hasiang,2
snowpeas,2
waterchestnuts,2
pow,2
delights,2
tsou's,2
willow,2
mild,2
mississippi,2
cheesesteak,2
sections,2
8+,2
12-Sep,2
splits,2
blackberry,2
sad,2
zhong,2
top,2
class,2
incense,2
juncheng,2
knuckle,2
stirred,2
floured,2
twiced,2
farthen,2
quick,2
overflat,2
curyon,2
huaxing,2
wanglion,2
wangzai,2
mile,2
creek-1,2
1lb,2
mexico-1lb,2
nicaragua-1lb,2
blend-1,2
northern-style,2
tube,2
tri-cup,2
taiwan-style,2
tsao's,2
chairman,2
mao's,2
double-fried,2
423,2
459,2
460,2
461,2
463,2
464,2
465,2
jiang-style,2
kunming,2
yibin,2
bear,2
sincronizadas,2
starter,2
always,2
botana,2
combinada,2
suizas,2
desebrada,2
espinacas,2
marina,2
leches,2
order,2
pickel,2
spears,2
yee,2
courses),2
salt-baked,2
sir-fried,2
hoisin,2
shin,2
tenderlon,2
beeb,2
capuccino,2
fashioned,2
blast,2
belgium,2
fat,2
ole,2
say,2
shamrock,2
off,2
crock,2
louie,2
calorie,2
palm,2
beach,2
scrod,2
slenderella,2
tantalizing,2
hickory,2
anthenian,2
smothered,2
harvey,2
center,2
lemonato,2
shish,2
gelatin,2
1921,2
178,2
180,2
chciken,2
fujian,2
cow,2
tarter,2
combinations,2
353,2
sezchwan,2
spouts,2
(lemonade),2
(coffee),2
(milk),2
jugo,2
(orange,2
juice),2
machacado,2
cerdo,2
orden,2
aguacate,2
pechuaga,2
ranchera,2
encebollado,2
carnitas,2
amigos,2
grande,2
avacado,2
coastal,2
harbor,2
challah,2
camino,2
n,2
egg-white,2
omelet*,2
open,2
faced,2
sandwich*,2
torrefazione,2
italia,2
tazo,2
teas,2
juices,2
including,2
elw,2
deli,2
picante,2
midnight,2
express,2
margarita,2
primo,2
capicollo,2
santa,2
fe,2
sorrento,2
bag,2
'n,2
dasani,2
vitamin,2
xxx,2
bulls,2
tip-off,2
cent,2
crew,2
4-5),2
group,2
louisiana,2
voodoo,2
dips,2
(can),2
liter),2
part,2
moogoo,2
c19.,2
c20.,2
chicke,2
chang,2
sake-,2
sukiyaki,2
specially,2
palace,2
chaw,2
pai,2
seasonings,2
28,2
27,2
2.5,2
101,1
107,1
110,1
113,1
116,1
tt1.,1
tt2.,1
tt3.,1
tt4.,1
t6.,1
t7.,1
t8a.,1
t8b.,1
t9.,1
t10a.,1
t10b.,1
t11.,1
t12.,1
t13.,1
t14.,1
t15.,1
t16.,1
3044,1
314,1
316,1
701,1
702,1
703,1
704,1
7044,1
7055,1
707,1
708,1
709,1
710,1
711,1
a01,1
a02,1
a03,1
a04,1
a07,1
a08,1
a09,1
a10,1
a13,1
a14,1
a15,1
a17,1
a18,1
a188,1
a1888,1
a19,1
a20,1
a21,1
a22,1
a23,1
a24,1
a25,1
a26,1
a27,1
a29,1
a30,1
a31,1
a32,1
a35,1
a36,1
a37,1
a38,1
a40,1
a41,1
a42,1
a43,1
a44,1
a45,1
884,1
886,1
888,1
8813,1
8814,1
8815,1
8816,1
503,1
504,1
505,1
507,1
516,1
517,1
527,1
528,1
531,1
5311,1
532,1
533,1
534,1
5344,1
535,1
536,1
537,1
538,1
539,1
5399,1
540,1
5400,1
541,1
542,1
543,1
544,1
545,1
546,1
548,1
5488,1
549,1
412,1
415,1
421,1
422,1
423,1
425,1
426,1
427,1
4288,1
430,1
431,1
432,1
433,1
435,1
436,1
437,1
438,1
439,1
440,1
441,1
442,1
448,1
449,1
450,1
452,1
460,1
462,1
463,1
464,1
465,1
466,1
467,1
468,1
469,1
470,1
471,1
472,1
473,1
4733,1
474,1
475,1
477,1
478,1
479,1
480,1
481,1
483,1
484,1
485,1
486,1
5555,1
556,1
5599,1
5600,1
5633,1
5655,1
567,1
5677,1
568,1
569,1
5699,1
570,1
576,1
579,1
580,1
581,1
582,1
601,1
6011,1
602,1
603,1
6044,1
605,1
606,1
607,1
6077,1
608,1
610,1
611,1
612,1
613,1
614,1
6155,1
616,1
6166,1
617,1
6177,1
6188,1
619,1
6199,1
620,1
6200,1
62222,1
630,1
631,1
632,1
633,1
634,1
635,1
636,1
637,1
638,1
639,1
640,1
641,1
881,1
882,1
883,1
802,1
8044,1
805,1
901,1
902,1
904,1
905,1
906,1
907,1
110.dongpo,1
425,1
426,1
308a.,1
a14.,1
a15.,1
a16.,1
a17.,1
a18.,1
a19.,1
a20.,1
a21.,1
a22.,1
s01.,1
s02.,1
s03.,1
s04.,1
s05.,1
s06.,1
s07.,1
s08.,1
s09.,1
ns01.,1
ns02.,1
ns03.,1
ns04.,1
ns05.,1
sp01.,1
sp02.,1
sp03.,1
sp04.,1
sp06.,1
sp07.,1
sp08.,1
sp09.,1
sp10.,1
sp11.,1
sp12.,1
sp13.,1
sp14.,1
sp15.,1
sp16.,1
sp17.,1
sp18.,1
sp19.,1
sp20.,1
sp22.,1
sp23.,1
sp24.,1
sp25.,1
sp26.,1
sp27.,1
sp28.,1
sp29.,1
sp31.,1
sp32.,1
sp33.,1
sp36.,1
sp37.,1
sp38.,1
rcr01.,1
rcr02.,1
rcr03.,1
rcr04.,1
rcr05.,1
rcr06.,1
rcr07.,1
rcr08.,1
cr01.,1
cr02.,1
cr03.,1
cr04.,1
cr05.,1
cr06.,1
cr07.,1
cr08.,1
cr09.,1
sf01.,1
sf02.,1
sf03.,1
sf04.,1
sf05.,1
sf06.,1
sf07.,1
sf08.,1
sf09.,1
sf10.,1
sf11.,1
sf12.,1
sf13.,1
sf14.,1
sf15.,1
sf19.,1
sf20.,1
shp01.,1
shp02.,1
shp03.,1
shp05.,1
shp06.,1
shp07.,1
shp08.,1
shp09.,1
shp11.,1
shp12.,1
shp13.,1
shp14.,1
shp15.,1
b04.,1
b05.,1
b06.,1
b07.,1
b08.,1
b09.,1
b20.,1
b21.,1
b22.,1
b23.,1
b24.,1
p01.,1
p02.,1
p03.,1
p04.,1
p05.,1
p06.,1
p07.,1
p08.,1
t01.,1
t02.,1
t03.,1
t04.,1
t05.,1
t06.,1
t07.,1
v01.,1
v02.,1
v03.,1
v04.,1
v06.,1
v07.,1
v08.,1
v09.,1
v10.,1
v11.,1
v12.,1
v13.,1
v14.,1
v15.,1
v16.,1
v17.,1
v18.,1
ss01.,1
ss02.,1
ss03.,1
ss04.,1
n08.,1
n09.,1
n10.,1
n11.,1
n12.,1
fe07.,1
fe08.,1
fe09.,1
fe10.,1
fe11.,1
rd01.,1
rd02.,1
rd03.,1
rd04.,1
rd05.,1
rd06.,1
rd07.,1
rd08.,1
rd09.,1
rd10.,1
rd11.,1
rd12.,1
rd13.,1
rd14.,1
rd15.,1
rd16.,1
3a,1
3b,1
3c,1
4a,1
4b,1
6a,1
6b,1
500,1
dishes(3),1
$10,1
$25,1
$50,1
167,1
78,1
234,1
240,1
252,1
c010.,1
281,1
284,1
285,1
c301.,1
c302.,1
c303.,1
c304.,1
c305.,1
c306.,1
c307.,1
c308.,1
c309.,1
c310.,1
c311.,1
c312.,1
c313.,1
c314.,1
c315.,1
c316.,1
c317.,1
c318.,1
c319.,1
c320.,1
c322.,1
c326.,1
c012.,1
c022.,1
c023.,1
c401.,1
c402.,1
c403.,1
c404.,1
c405.,1
c406.,1
c407.,1
c409.,1
c410.,1
c101.,1
c102.,1
c103.,1
c104.,1
c105.,1
c106.,1
c107.,1
c108.,1
c109.,1
c110.,1
c111.,1
c113.,1
c114.,1
c115.,1
c116.,1
c117.,1
c118.,1
c119.,1
c120.,1
c121.,1
c501.,1
c502.,1
c503.,1
c504.,1
c505.,1
c506.,1
c507.,1
c508.,1
c510.,1
c513.,1
c516.,1
c517.,1
c518.,1
c519.,1
c520.,1
c521.,1
c522.,1
c524.,1
c525.,1
600,1
c601.,1
c602.,1
c603.,1
c604.,1
c605.,1
c606.,1
c607.,1
c608.,1
c609.,1
c610.,1
c611.,1
c612.,1
c613.,1
c614.,1
c615.,1
c616.,1
c617.,1
c618.,1
c619.,1
c620.,1
c621.,1
c622.,1
c623.,1
c624.,1
c625.,1
c626.,1
c627.,1
c628.,1
c629.,1
c630.,1
c631.,1
c632.,1
c633.,1
c634.,1
c635.,1
c636.,1
c637.,1
c638.,1
c639.,1
c640.,1
c641.,1
c643.,1
c644.,1
c645.,1
c646.,1
c647.,1
c648.,1
c649.,1
c650.,1
c651.,1
c652.,1
c801.,1
c802.,1
c803.,1
c804.,1
c805.,1
c806.,1
c807.,1
c808.,1
c809a.,1
c810.,1
c811.,1
c812.,1
c813.,1
c814.,1
c815.,1
c816.,1
c817.,1
c818.,1
c819.,1
c820.,1
c821.,1
c822.,1
c823.,1
c824.,1
c701.,1
c702.,1
c703.,1
c704.,1
c705.,1
c706.,1
c707.,1
c708.,1
c709.,1
c710.,1
c711.,1
c712.,1
c713.,1
c714.,1
c715.,1
c716.,1
c717.,1
c201.,1
c202.,1
c203.,1
c204.,1
c205.,1
c206.,1
c207.,1
c208.,1
c209.,1
c025.,1
c026.,1
c027.,1
c028.,1
c029.,1
c031.,1
c033.,1
rolls(2),1
4.braised,1
5.sliced,1
64.braised,1
65.stir,1
68.sesame,1
69.orange,1
70.stir,1
78.orange,1
85.stir,1
1100,1
1101,1
1102,1
1104,1
1152,1
1153,1
1155,1
1156,1
1158,1
1159,1
1200,1
1201,1
1202,1
1203,1
1204,1
1206,1
1207,1
1208,1
1209,1
1210,1
1212,1
1050,1
1051,1
1052,1
1053,1
1054,1
1055,1
1056,1
1057,1
1058,1
1059,1
1060,1
1061,1
1062,1
1063,1
1064,1
1065,1
1066,1
700,1
529,1
551,1
552,1
553,1
554,1
555,1
556,1
557,1
559,1
561,1
562,1
565,1
572,1
573,1
574,1
575,1
577,1
578,1
579,1
580,1
581,1
583,1
584,1
585,1
586,1
589,1
590,1
591,1
950,1
951,1
952,1
953,1
955,1
956,1
958,1
959,1
962,1
963,1
967,1
968,1
970,1
750,1
775,1
776,1
777,1
778,1
779,1
903,1
907,1
902,1
905,1
906,1
908,1
909,1
910,1
850,1
864,1
865,1
867,1
800,1
806,1
808,1
1018,1
1000,1
1001,1
1006,1
1014,1
1015,1
1016,1
1019,1
1020,1
1024,1
1030,1
1031,1
662,1
668,1
669,1
670,1
671,1
21,1
d01.,1
d04.,1
d06.,1
d07.,1
d08.,1
d09.,1
23,1
24,1
25,1
26,1
27,1
28,1
29,1
30,1
31,1
32,1
41,1
42,1
43,1
44,1
49,1
80,1
81,1
82,1
85,1
86,1
187,1
188,1
189,1
225,1
226,1
228,1
269,1
275,1
277,1
279,1
290,1
293,1
294,1
295,1
297,1
298,1
299,1
380,1
381,1
383,1
384,1
385,1
386,1
391,1
392,1
393,1
396,1
330,1
331,1
332,1
333,1
334,1
335,1
337,1
338,1
343,1
344,1
348,1
349,1
350,1
d60.,1
d61.,1
d62.,1
d63.,1
d64.,1
d65.,1
d66.,1
d67.,1
d68.,1
d69.,1
d70.,1
d71.,1
d72.,1
2),1
-1,1
(8,1
1.5,1
2+,1
13.5+,1
12+,1
10+,1
7-Apr,1
9-Jun,1
14-Dec,1
14/17,1
8-May,1
16-Dec,1
21/25,1
26/30,1
(20,1
up2u,1
9-flavor,1
321,1
322,1
323,1
324,1
325,1
430,1
433,1
462,1
466,1
467,1
468,1
469,1
470,1
471,1
472,1
473,1
474,1
475,1
476,1
477,1
478,1
522,1
523,1
524,1
528,1
531,1
532,1
535,1
536,1
537,1
538,1
539,1
540,1
541,1
542,1
543,1
544,1
545,1
546,1
547,1
624,1
635,1
636,1
714,1
715,1
716,1
717,1
718,1
719,1
53,1
54,1
55,1
56,1
57,1
58,1
59,1
62,1
63,1
256,1
352,1
354,1
355,1
359,1
363,1
373,1
654,1
657,1
659,1
752,1
753,1
754,1
755,1
756,1
762,1
763,1
2-topping,1
60,1
6pc,1
8pc,1
10pc,1
3pc,1
5pc,1
15pc,1
30pc,1
40pc,1
5-6),1
50pc,1
6-9),1
75pc,1
9-13),1
100pc,1
13+),1
16pc,1
24pc,1
6-8),1
-20,1
-30,1
