category,unigram,count
bubbletea,tea,49
bubbletea,milk,24
bubbletea,rice,20
bubbletea,pork,19
bubbletea,noodle,15
bubbletea,braised,13
bubbletea,chicken,12
bubbletea,soup,12
bubbletea,box,10
bubbletea,beef,8
bubbletea,black,8
bubbletea,fried,8
bubbletea,green,8
bubbletea,mousse,8
bubbletea,egg,7
bubbletea,matcha,7
bubbletea,oolong,7
bubbletea,over,7
bubbletea,crispy,6
bubbletea,latte,6
bubbletea,spicy,6
bubbletea,strawberry,6
bubbletea,basil,5
bubbletea,chocolate,5
bubbletea,jelly,5
bubbletea,mango,5
bubbletea,melon,5
bubbletea,sauce,5
bubbletea,smoothie,5
bubbletea,tofu,5
bubbletea,waffle,5
bubbletea,winter,5
bubbletea,yogurt,5
bubbletea,bean,4
bubbletea,fruit,4
bubbletea,shredded,4
bubbletea,snow,4
bubbletea,taiwanese,4
bubbletea,bbq,3
bubbletea,bowl,3
bubbletea,fresh,3
bubbletea,ground,3
bubbletea,honey,3
bubbletea,lychee,3
bubbletea,omelet,3
bubbletea,passion,3
bubbletea,peach,3
bubbletea,q,3
bubbletea,shrimp,3
bubbletea,square,3
seafood,chicken,177
seafood,dinner,176
seafood,beef,168
seafood,fried,167
seafood,pork,153
seafood,sauce,151
seafood,shrimp,137
seafood,rice,125
seafood,soup,113
seafood,fish,91
seafood,stir-fried,79
seafood,egg,71
seafood,pepper,71
seafood,tofu,61
seafood,noodle,57
seafood,seafood,57
seafood,vegetable,54
seafood,crab,52
seafood,sour,48
seafood,salt,45
seafood,style,43
seafood,garlic,42
seafood,bean,41
seafood,sweet,39
seafood,stewed,38
seafood,fillet,35
seafood,w.,35
seafood,black,34
seafood,salad,32
seafood,spicy,32
seafood,roll,31
seafood,steamed,30
seafood,braised,29
seafood,duck,29
seafood,mushroom,29
seafood,noodles,29
seafood,bbq,27
seafood,casserole,27
seafood,chop,26
seafood,broccoli,25
seafood,congee,25
seafood,hot,25
seafood,lb.,25
seafood,pea,25
seafood,shredded,24
seafood,sandwich,23
seafood,stir,22
seafood,chinese,21
seafood,lobster,21
seafood,chow,20
cantonese,chicken,145
cantonese,beef,138
cantonese,fried,125
cantonese,shrimp,119
cantonese,pork,102
cantonese,sauce,101
cantonese,rice,94
cantonese,soup,74
cantonese,egg,59
cantonese,pepper,50
cantonese,fish,48
cantonese,vegetable,41
cantonese,bean,39
cantonese,casserole,38
cantonese,tofu,38
cantonese,salt,37
cantonese,chow,36
cantonese,seafood,35
cantonese,w.,34
cantonese,bbq,33
cantonese,crab,32
cantonese,duck,32
cantonese,garlic,31
cantonese,steamed,31
cantonese,mein,30
cantonese,pea,29
cantonese,stir-fried,29
cantonese,black,28
cantonese,noodle,28
cantonese,sour,28
cantonese,broccoli,26
cantonese,chop,26
cantonese,style,25
cantonese,braised,23
cantonese,chinese,22
cantonese,crispy,22
cantonese,sweet,22
cantonese,foo,21
cantonese,mushroom,21
cantonese,choy,19
cantonese,curd,19
cantonese,hot,19
cantonese,oyster,19
cantonese,sauteed,19
cantonese,young,19
cantonese,live,18
cantonese,spicy,18
cantonese,suey,18
cantonese,vegetables,18
cantonese,fillet,17
chinese,beef,910
chinese,chicken,870
chinese,pork,758
chinese,fried,754
chinese,rice,691
chinese,sauce,637
chinese,shrimp,624
chinese,soup,521
chinese,fish,405
chinese,noodle,375
chinese,egg,308
chinese,pepper,286
chinese,tofu,258
chinese,dinner,239
chinese,bean,237
chinese,vegetable,219
chinese,spicy,203
chinese,sour,197
chinese,black,196
chinese,style,183
chinese,mein,182
chinese,seafood,181
chinese,chow,177
chinese,fillet,174
chinese,sweet,167
chinese,green,156
chinese,vegetables,155
chinese,stir,152
chinese,roll,151
chinese,broccoli,150
chinese,tea,149
chinese,chop,140
chinese,chinese,135
chinese,garlic,135
chinese,noodles,134
chinese,stir-fried,134
chinese,salt,129
chinese,hot,127
chinese,steamed,123
chinese,mushroom,113
chinese,bbq,107
chinese,lamb,107
chinese,shredded,106
chinese,combination,105
chinese,young,103
chinese,kung,101
chinese,foo,96
chinese,mixed,94
chinese,sliced,91
chinese,curry,87
bbq,pork,40
bbq,beef,38
bbq,chicken,25
bbq,shrimp,20
bbq,tea,17
bbq,spicy,15
bbq,sauce,13
bbq,soup,13
bbq,lamb,12
bbq,egg,11
bbq,fried,11
bbq,hot,10
bbq,noodle,10
bbq,rice,10
bbq,salad,10
bbq,vegetables,10
bbq,ribs,8
bbq,seafood,8
bbq,green,7
bbq,kimchi,7
bbq,noodles,7
bbq,rib,7
bbq,sandwich,7
bbq,short,7
bbq,stew,7
bbq,tofu,7
bbq,wonton,7
bbq,black,6
bbq,brisket,6
bbq,leek,6
bbq,lo,6
bbq,mixed,6
bbq,pancake,6
bbq,pepper,6
bbq,sliced,6
bbq,special,6
bbq,b.b.q,5
bbq,belly,5
bbq,congee,5
bbq,filberts,5
bbq,fish,5
bbq,grilled,5
bbq,korean,5
bbq,onion,5
bbq,oyster,5
bbq,paste,5
bbq,wings,5
bbq,bbq,4
bbq,bowl,4
bbq,bread,4
noodles,rice,109
noodles,beef,89
noodles,chicken,79
noodles,freeze,75
noodles,tea,70
noodles,fried,68
noodles,green,53
noodles,over,53
noodles,pork,53
noodles,fresh,52
noodles,shrimp,52
noodles,fruit,50
noodles,sauce,48
noodles,milk,45
noodles,soup,44
noodles,black,42
noodles,bean,34
noodles,noodle,33
noodles,smoothie,33
noodles,fish,29
noodles,mango,28
noodles,thai,27
noodles,lychee,26
noodles,seafood,26
noodles,flavored,25
noodles,egg,24
noodles,spicy,22
noodles,tapioca,21
noodles,tofu,21
noodles,milkshake,20
noodles,pepper,20
noodles,basil,19
noodles,bowl,18
noodles,coconut,18
noodles,curry,18
noodles,jelly,17
noodles,strawberry,17
noodles,stir,16
noodles,lemon,15
noodles,xo,15
noodles,garlic,14
noodles,red,14
noodles,ribs,14
noodles,broccoli,13
noodles,grilled,13
noodles,noodles,13
noodles,pad,13
noodles,chow,12
noodles,crab,12
noodles,korean,12
szechuan,pork,186
szechuan,chicken,127
szechuan,beef,125
szechuan,sauce,103
szechuan,fried,99
szechuan,spicy,97
szechuan,soup,88
szechuan,fish,78
szechuan,chili,76
szechuan,style,67
szechuan,shrimp,66
szechuan,special,63
szechuan,rice,53
szechuan,pepper,51
szechuan,sour,50
szechuan,bean,42
szechuan,tofu,42
szechuan,dry,40
szechuan,szechuan,35
szechuan,garlic,34
szechuan,pot,34
szechuan,vegetables,34
szechuan,house,33
szechuan,hot,32
szechuan,steamed,32
szechuan,sauteed,31
szechuan,stir,31
szechuan,green,30
szechuan,noodle,30
szechuan,fillet,29
szechuan,noodles,28
szechuan,pickle,28
szechuan,sliced,27
szechuan,braised,26
szechuan,egg,25
szechuan,mixed,25
szechuan,cooked,24
szechuan,sole,23
szechuan,duck,22
szechuan,shredded,22
szechuan,boiled,21
szechuan,chinese,21
szechuan,lamb,20
szechuan,black,19
szechuan,salt,19
szechuan,tenderloin,19
szechuan,chow,18
szechuan,curd,18
szechuan,eggplant,18
szechuan,frog,17
dimsum,beef,189
dimsum,fried,188
dimsum,sauce,187
dimsum,chicken,186
dimsum,pork,145
dimsum,shrimp,128
dimsum,rice,116
dimsum,soup,109
dimsum,stir-fried,88
dimsum,pepper,86
dimsum,fish,85
dimsum,egg,79
dimsum,tofu,75
dimsum,vegetable,64
dimsum,seafood,60
dimsum,bean,57
dimsum,salt,55
dimsum,stir,53
dimsum,style,53
dimsum,black,52
dimsum,noodle,50
dimsum,steamed,46
dimsum,noodles,45
dimsum,garlic,44
dimsum,sour,44
dimsum,mushroom,40
dimsum,casserole,39
dimsum,spicy,39
dimsum,sweet,39
dimsum,duck,37
dimsum,stewed,37
dimsum,crab,36
dimsum,w.,35
dimsum,chinese,34
dimsum,braised,32
dimsum,broccoli,32
dimsum,fillet,31
dimsum,bbq,29
dimsum,crispy,29
dimsum,oyster,29
dimsum,sauteed,28
dimsum,mein,26
dimsum,scallop,26
dimsum,dried,24
dimsum,szechuan,24
dimsum,chop,23
dimsum,green,23
dimsum,hot,23
dimsum,mixed,23
dimsum,special,23
caribbean,jerk,12
caribbean,chicken,11
caribbean,red,5
caribbean,salad,5
caribbean,shrimp,4
caribbean,snapper,4
caribbean,wings,4
caribbean,curry,3
caribbean,salmon,3
caribbean,soda,3
caribbean,tilapia,3
caribbean,white,3
caribbean,beans,2
caribbean,brown,2
caribbean,catfish,2
caribbean,mix,2
caribbean,mixed,2
caribbean,pineapple,2
caribbean,rice,2
caribbean,steamed,2
caribbean,stew,2
caribbean,wrap,2
caribbean,beef,1
caribbean,beer,1
caribbean,bread,1
caribbean,broasted,1
caribbean,cabbage,1
caribbean,callaloo,1
caribbean,can,1
caribbean,candy,1
caribbean,cesar,1
caribbean,chardonnay,1
caribbean,cilantro,1
caribbean,coconut,1
caribbean,combination,1
caribbean,corn,1
caribbean,cream,1
caribbean,cuban,1
caribbean,dark,1
caribbean,diner,1
caribbean,dinner,1
caribbean,escovitch,1
caribbean,excoveitched,1
caribbean,extra,1
caribbean,fry,1
caribbean,garden,1
caribbean,ginger,1
caribbean,goat,1
caribbean,hurricane,1
caribbean,jamaican,1
vegetarian,callaloo,1
vegetarian,cesar,1
vegetarian,chardonnay,1
vegetarian,cilantro,1
vegetarian,coconut,1
vegetarian,cuban,1
vegetarian,escovitch,1
vegetarian,hurricane,1
vegetarian,jerk,1
vegetarian,pineapple,1
vegetarian,red,1
vegetarian,rice,1
vegetarian,salad,1
vegetarian,salmon,1
vegetarian,shrimp,1
vegetarian,snapper,1
korean,pork,21
korean,fried,19
korean,soup,19
korean,korean,17
korean,kimchi,16
korean,beef,15
korean,chicken,15
korean,rice,14
korean,spicy,12
korean,seafood,11
korean,belly,10
korean,pancake,10
korean,vegetables,10
korean,house,8
korean,for,7
korean,sauce,7
korean,short,7
korean,stew,7
korean,tofu,7
korean,bowl,6
korean,rib,6
korean,bulgogi,5
korean,hot,5
korean,mixed,5
korean,noodles,5
korean,paste,5
korean,sliced,5
korean,special,5
korean,stir,5
korean,broiled,4
korean,buckwheat,4
korean,fish,4
korean,fries,4
korean,juice,4
korean,made,4
korean,pint,4
korean,porridge,4
korean,squid,4
korean,stone,4
korean,ahjoomah's,3
korean,apron,3
korean,banchan,3
korean,bibim,3
korean,boneless,3
korean,cake,3
korean,cake,,3
korean,card,3
korean,charcoal,3
korean,cheese,3
korean,chigae,3
mongolian,fried,4
mongolian,beef,3
mongolian,chicken,3
mongolian,lamb,3
mongolian,noodles,3
mongolian,cold,2
mongolian,fish,2
mongolian,grilled,2
mongolian,meat,2
mongolian,noodle,2
mongolian,pie,2
mongolian,pork,2
mongolian,potato,2
mongolian,salad,2
mongolian,spicy,2
mongolian,tea,2
mongolian,wings,2
mongolian,aorta,1
mongolian,backstraps,1
mongolian,black,1
mongolian,body,1
mongolian,bread,1
mongolian,broth,1
mongolian,bun,1
mongolian,buns,1
mongolian,cauliflower,1
mongolian,chongqing,1
mongolian,coconut,1
mongolian,cooked,1
mongolian,corn,1
mongolian,cucumber,1
mongolian,dumplings,1
mongolian,fern,1
mongolian,flat,1
mongolian,griddle,1
mongolian,herbal,1
mongolian,hot,1
mongolian,iced,1
mongolian,kebab,1
mongolian,leg,1
mongolian,milk,1
mongolian,mini,1
mongolian,mongolian,1
mongolian,mushrooms,1
mongolian,pancake,1
mongolian,ribbon,1
mongolian,ribs,1
mongolian,rice,1
mongolian,root,1
mongolian,sausage,1
hotpot,fried,4
hotpot,beef,3
hotpot,chicken,3
hotpot,lamb,3
hotpot,noodles,3
hotpot,cold,2
hotpot,fish,2
hotpot,grilled,2
hotpot,meat,2
hotpot,noodle,2
hotpot,pie,2
hotpot,pork,2
hotpot,potato,2
hotpot,salad,2
hotpot,spicy,2
hotpot,tea,2
hotpot,wings,2
hotpot,aorta,1
hotpot,backstraps,1
hotpot,black,1
hotpot,body,1
hotpot,bread,1
hotpot,broth,1
hotpot,bun,1
hotpot,buns,1
hotpot,cauliflower,1
hotpot,chongqing,1
hotpot,coconut,1
hotpot,cooked,1
hotpot,corn,1
hotpot,cucumber,1
hotpot,dumplings,1
hotpot,fern,1
hotpot,flat,1
hotpot,griddle,1
hotpot,herbal,1
hotpot,hot,1
hotpot,iced,1
hotpot,kebab,1
hotpot,leg,1
hotpot,milk,1
hotpot,mini,1
hotpot,mongolian,1
hotpot,mushrooms,1
hotpot,pancake,1
hotpot,ribbon,1
hotpot,ribs,1
hotpot,rice,1
hotpot,root,1
hotpot,sausage,1
indpak,chicken,29
indpak,special,11
indpak,dinner,9
indpak,lunch,9
indpak,roasted,9
indpak,piece,7
indpak,rice,7
indpak,shrimp,7
indpak,salad,6
indpak,-,5
indpak,curry,5
indpak,fish,5
indpak,fried,5
indpak,roll,5
indpak,turkey,5
indpak,white,5
indpak,alfredo,4
indpak,beans,4
indpak,bowl,4
indpak,cajun,4
indpak,dark,4
indpak,tikka,4
indpak,beer,3
indpak,caesar,3
indpak,cake,3
indpak,catfish,3
indpak,chef,3
indpak,gourmet,3
indpak,jerk,3
indpak,masala,3
indpak,salmon,3
indpak,side,3
indpak,balsamic,2
indpak,bolognese,2
indpak,bottle,2
indpak,bread,2
indpak,canned,2
indpak,corn,2
indpak,ground,2
indpak,homemade,2
indpak,italian,2
indpak,luciano's,2
indpak,naan,2
indpak,pasta,2
indpak,platter,2
indpak,quinoa,2
indpak,sauce,2
indpak,soda,2
indpak,spinach,2
indpak,tilapia,2
italian,chicken,95
italian,pizza,86
italian,sandwich,57
italian,salad,46
italian,italian,38
italian,special,36
italian,cheese,31
italian,sausage,26
italian,beef,22
italian,homemade,21
italian,hot,21
italian,crust,17
italian,thin,16
italian,turkey,16
italian,fried,15
italian,grilled,15
italian,large,14
italian,parmesan,14
italian,shrimp,14
italian,burger,13
italian,dinner,13
italian,meat,13
italian,deep,12
italian,dish,12
italian,eggplant,12
italian,pasta,12
italian,meatball,11
italian,sauce,11
italian,side,11
italian,broccoli,10
italian,caesar,10
italian,inch),10
italian,lunch,10
italian,roasted,10
italian,steak,10
italian,alfredo,9
italian,sicilian,9
italian,small,9
italian,bread,8
italian,cake,8
italian,chocolate,8
italian,club,8
italian,cold,8
italian,double,8
italian,parmigiana,8
italian,ravioli,8
italian,rice,8
italian,soup,8
italian,spaghetti,8
italian,veggie,8
cajun,chicken,28
cajun,shrimp,15
cajun,fried,14
cajun,lb.,14
cajun,rice,12
cajun,special,11
cajun,lunch,10
cajun,dinner,9
cajun,roasted,9
cajun,cajun,8
cajun,crab,8
cajun,piece,8
cajun,salad,8
cajun,catfish,7
cajun,cheesecake,7
cajun,curry,7
cajun,tea,7
cajun,slice,6
cajun,-,5
cajun,fish,5
cajun,milk,5
cajun,salmon,5
cajun,set,5
cajun,turkey,5
cajun,white,5
cajun,alfredo,4
cajun,beans,4
cajun,bowl,4
cajun,dark,4
cajun,po'boy,4
cajun,seafood,4
cajun,spaghetti,4
cajun,beer,3
cajun,big,3
cajun,bread,3
cajun,butter,3
cajun,caesar,3
cajun,cake,3
cajun,chef,3
cajun,corn,3
cajun,crawfish,3
cajun,fries,3
cajun,garlic,3
cajun,gourmet,3
cajun,gumbo,3
cajun,jerk,3
cajun,lobster,3
cajun,masala,3
cajun,pepper,3
cajun,platter,3
asianfusion,roll,108
asianfusion,fried,68
asianfusion,chicken,63
asianfusion,rice,59
asianfusion,beef,58
asianfusion,soup,48
asianfusion,pork,47
asianfusion,shrimp,45
asianfusion,noodle,41
asianfusion,sauce,36
asianfusion,vegetable,31
asianfusion,spicy,30
asianfusion,fish,27
asianfusion,egg,26
asianfusion,pepper,23
asianfusion,style,23
asianfusion,tofu,19
asianfusion,salmon,18
asianfusion,tuna,18
asianfusion,chinese,17
asianfusion,mushroom,17
asianfusion,roll,,17
asianfusion,seafood,17
asianfusion,crab,16
asianfusion,tea,16
asianfusion,house,15
asianfusion,bean,14
asianfusion,handmade,14
asianfusion,salted,14
asianfusion,stir,14
asianfusion,tempura,14
asianfusion,traditional,14
asianfusion,black,13
asianfusion,bbq,12
asianfusion,dumplings,12
asianfusion,fillet,12
asianfusion,mein,12
asianfusion,shredded,12
asianfusion,combination,11
asianfusion,sweet,11
asianfusion,chili,10
asianfusion,fresh,10
asianfusion,mixed,10
asianfusion,sour,10
asianfusion,sushi,10
asianfusion,wonton,10
asianfusion,eel,9
asianfusion,hong,9
asianfusion,udon,9
asianfusion,braised,8
pizza,pizza,131
pizza,chicken,87
pizza,cheese,48
pizza,salad,45
pizza,sandwich,43
pizza,italian,38
pizza,tray,34
pizza,sausage,26
pizza,special,24
pizza,calzone,22
pizza,for,21
pizza,crab,19
pizza,crust,19
pizza,pasta,18
pizza,thin,18
pizza,large,17
pizza,beef,16
pizza,burger,16
pizza,meatball,14
pizza,sarpino's,14
pizza,deep,13
pizza,dish,13
pizza,homemade,13
pizza,parmesan,13
pizza,wings,13
pizza,baked,12
pizza,bread,12
pizza,buffalo,12
pizza,caesar,12
pizza,eggplant,12
pizza,fries,12
pizza,bbq,11
pizza,garlic,11
pizza,meat,11
pizza,snow,11
pizza,turkey,11
pizza,veggie,11
pizza,inch),10
pizza,ravioli,10
pizza,red,10
pizza,sicilian,10
pizza,steak,10
pizza,alfredo,9
pizza,double,9
pizza,fried,9
pizza,grilled,9
pizza,hot,9
pizza,soda,9
pizza,mozzarella,8
pizza,sauce,8
sandwiches,chicken,69
sandwiches,salad,29
sandwiches,sandwich,26
sandwiches,pc.,24
sandwiches,cheese,21
sandwiches,fries,20
sandwiches,sub,19
sandwiches,beef,17
sandwiches,tenders,15
sandwiches,turkey,15
sandwiches,dinner,14
sandwiches,steak,13
sandwiches,wings,13
sandwiches,burger,12
sandwiches,juice,12
sandwiches,italian,11
sandwiches,bread,10
sandwiches,shrimp,9
sandwiches,wrap,9
sandwiches,(lunch),8
sandwiches,bowl,8
sandwiches,burrito,8
sandwiches,waffle,8
sandwiches,cajun,7
sandwiches,on,7
sandwiches,panini,7
sandwiches,pizza,7
sandwiches,smoothie,7
sandwiches,buffalo,6
sandwiches,corned,6
sandwiches,garlic,6
sandwiches,gyro,6
sandwiches,puff,6
sandwiches,add,5
sandwiches,cheeseburger,5
sandwiches,chili,5
sandwiches,chocolate,5
sandwiches,gino's,5
sandwiches,grilled,5
sandwiches,ham,5
sandwiches,lb.,5
sandwiches,red,5
sandwiches,sausage,5
sandwiches,taco,5
sandwiches,veggie,5
sandwiches,alfredo,4
sandwiches,breaded,4
sandwiches,butter,4
sandwiches,chopped,4
sandwiches,el,4
chicken_wings,chicken,21
chicken_wings,piece,13
chicken_wings,wings,11
chicken_wings,crispy,10
chicken_wings,fried,10
chicken_wings,wingstop,10
chicken_wings,tenders,9
chicken_wings,fries,8
chicken_wings,(feeds,7
chicken_wings,combo,7
chicken_wings,pack,7
chicken_wings,dinner,6
chicken_wings,rice,5
chicken_wings,shrimp,5
chicken_wings,tender,5
chicken_wings,wing,5
chicken_wings,cajun,4
chicken_wings,cheese,4
chicken_wings,boneless,3
chicken_wings,coleslaw,3
chicken_wings,fish,3
chicken_wings,popcorn,3
chicken_wings,sandwich,3
chicken_wings,seasoned,3
chicken_wings,beans,2
chicken_wings,corn,2
chicken_wings,for,2
chicken_wings,hot,2
chicken_wings,house,2
chicken_wings,kimchi,2
chicken_wings,large,2
chicken_wings,lb,2
chicken_wings,meal,2
chicken_wings,onion,2
chicken_wings,only,2
chicken_wings,po'boy,2
chicken_wings,rings,2
chicken_wings,salad,2
chicken_wings,small,2
chicken_wings,strips,2
chicken_wings,-,1
chicken_wings,add,1
chicken_wings,apple,1
chicken_wings,avocado,1
chicken_wings,baked,1
chicken_wings,ball,1
chicken_wings,bibimbap,1
chicken_wings,biscuit,1
chicken_wings,bonchon,1
chicken_wings,bottled,1
salad,chicken,13
salad,fried,11
salad,grilled,6
salad,oz,6
salad,bacon,5
salad,burger,5
salad,cheese,4
salad,fries,4
salad,salad,4
salad,sauce,4
salad,shrimp,4
salad,soup,4
salad,ahi,3
salad,caesar,3
salad,crab,3
salad,eggs,3
salad,filet,3
salad,free,3
salad,french,3
salad,lobster,3
salad,original,3
salad,pork,3
salad,rib,3
salad,rice,3
salad,salmon,3
salad,sausage,3
salad,spinach,3
salad,steak,3
salad,tuna,3
salad,baby,2
salad,beef,2
salad,benedict,2
salad,cereal,2
salad,cfh,2
salad,chilled,2
salad,coleslaw,2
salad,combo,2
salad,corned,2
salad,ginger,2
salad,great,2
salad,hash,2
salad,horseradish,2
salad,house,2
salad,juice,2
salad,jumbo,2
salad,kimchi,2
salad,lamb,2
salad,mac,2
salad,onion,2
salad,oscar,2
ramen,rice,6
ramen,kuro,5
ramen,yakisoba,5
ramen,bowl,4
ramen,buta,4
ramen,chazuke,3
ramen,pork,3
ramen,toppings,3
ramen,turkey,3
ramen,bone,2
ramen,broth,2
ramen,kamo,2
ramen,sausage,2
ramen,spicy,2
ramen,(dipping,1
ramen,(duck,1
ramen,(pork),1
ramen,ajitsuke,1
ramen,bacon,1
ramen,beans,1
ramen,beef,1
ramen,belly,1
ramen,bits,1
ramen,bomb,1
ramen,breast),1
ramen,broccoli,1
ramen,buto,1
ramen,cat,1
ramen,chicken,1
ramen,chocolates,1
ramen,cider,1
ramen,clam,1
ramen,coppa,1
ramen,crab,1
ramen,da,1
ramen,dango,1
ramen,duck,1
ramen,ear,1
ramen,edamame,1
ramen,garlic,1
ramen,hot,1
ramen,japanese,1
ramen,loin,1
ramen,lover,1
ramen,meat,1
ramen,minced,1
ramen,moriawase,1
ramen,noodle),1
ramen,oden,1
ramen,oshinko,1
british,pie,5
british,chips,3
british,sauce,3
british,chicken,2
british,coffee,2
british,curry,2
british,drip,2
british,egg,2
british,gravy,2
british,juice,2
british,mash,2
british,rarebit,2
british,salad,2
british,steak,2
british,'n',1
british,ale,1
british,balti,1
british,bangers,1
british,bread,1
british,bubble,1
british,burger,1
british,cake,1
british,cheese,1
british,chutney,1
british,cold,1
british,coriander,1
british,cut,1
british,deluxe,1
british,farms,1
british,fizz,1
british,ginger,1
british,grapefruit,1
british,hand,1
british,kale,1
british,kombuchade,1
british,large,1
british,mac,1
british,mushroom,1
british,o',1
british,orange,1
british,pasty,1
british,peas,1
british,pickled,1
british,pickles,1
british,plate,1
british,pleasant,1
british,ploughman's,1
british,pork,1
british,pot,1
british,premium,1
pubs,chicken,7
pubs,salad,7
pubs,burger,6
pubs,sandwich,6
pubs,pie,5
pubs,chips,4
pubs,pizza,4
pubs,steak,4
pubs,sauce,3
pubs,build,2
pubs,cake,2
pubs,cheese,2
pubs,coffee,2
pubs,crab,2
pubs,curry,2
pubs,drip,2
pubs,egg,2
pubs,fish,2
pubs,fried,2
pubs,fries,2
pubs,gravy,2
pubs,juice,2
pubs,kale,2
pubs,mash,2
pubs,orange,2
pubs,own,2
pubs,pickles,2
pubs,pork,2
pubs,potatoes,2
pubs,rarebit,2
pubs,risotto,2
pubs,soup,2
pubs,your,2
pubs,'n',1
pubs,ala,1
pubs,ale,1
pubs,anchors,1
pubs,avocado,1
pubs,away,1
pubs,bacon,1
pubs,balti,1
pubs,bangers,1
pubs,beef,1
pubs,bites,1
pubs,blackened,1
pubs,blanket,1
pubs,boneless,1
pubs,bread,1
pubs,breakfast,1
pubs,bubble,1
breakfast_brunch,(dinner),54
breakfast_brunch,(gluten,27
breakfast_brunch,free),27
breakfast_brunch,chicken,26
breakfast_brunch,sandwich,26
breakfast_brunch,burger,25
breakfast_brunch,salad,24
breakfast_brunch,grilled,18
breakfast_brunch,pancakes,13
breakfast_brunch,bacon,12
breakfast_brunch,cheese,11
breakfast_brunch,omelette,11
breakfast_brunch,street,11
breakfast_brunch,burrito,10
breakfast_brunch,waffle,10
breakfast_brunch,wrap,10
breakfast_brunch,beef,9
breakfast_brunch,egg,9
breakfast_brunch,chocolate,8
breakfast_brunch,eggs,8
breakfast_brunch,french,8
breakfast_brunch,fries,8
breakfast_brunch,steak,8
breakfast_brunch,toast,8
breakfast_brunch,hashbrowns,7
breakfast_brunch,kabob,7
breakfast_brunch,kid's,7
breakfast_brunch,pork,7
breakfast_brunch,turkey,7
breakfast_brunch,breakfast,6
breakfast_brunch,coffee,6
breakfast_brunch,juice,6
breakfast_brunch,kids,6
breakfast_brunch,platter,6
breakfast_brunch,sausage,6
breakfast_brunch,soup,6
breakfast_brunch,avocado,5
breakfast_brunch,benedict,5
breakfast_brunch,breast,5
breakfast_brunch,cut,5
breakfast_brunch,fried,5
breakfast_brunch,hot,5
breakfast_brunch,or,5
breakfast_brunch,pie,5
breakfast_brunch,potatoes,5
breakfast_brunch,sauce,5
breakfast_brunch,tuna,5
breakfast_brunch,butter,4
breakfast_brunch,buttermilk,4
breakfast_brunch,caesar,4
vietnamese,smoothie,33
vietnamese,milkshake,20
vietnamese,pork,17
vietnamese,chicken,16
vietnamese,banh,15
vietnamese,beef,15
vietnamese,grilled,12
vietnamese,shrimp,12
vietnamese,mi,11
vietnamese,pad,11
vietnamese,juice,10
vietnamese,bowl,9
vietnamese,curry,9
vietnamese,egg,9
vietnamese,lemongrass,9
vietnamese,mango,9
vietnamese,roll,8
vietnamese,ca,7
vietnamese,coffee,7
vietnamese,ga,7
vietnamese,phe,7
vietnamese,seafood,7
vietnamese,soup,7
vietnamese,thai,7
vietnamese,chocolate,6
vietnamese,fried,6
vietnamese,milk,6
vietnamese,pho,6
vietnamese,rice,6
vietnamese,tea,6
vietnamese,banana,5
vietnamese,basil,5
vietnamese,breaded,5
vietnamese,chiên,5
vietnamese,chop,5
vietnamese,drink,5
vietnamese,iced,5
vietnamese,noodle,5
vietnamese,nướng,5
vietnamese,pineapple,5
vietnamese,salad,5
vietnamese,apple,4
vietnamese,bbq,4
vietnamese,chua,4
vietnamese,crab,4
vietnamese,cải,4
vietnamese,da,4
vietnamese,garlic,4
vietnamese,green,4
vietnamese,kiwi,4
delis,sandwich,38
delis,chicken,21
delis,salad,20
delis,hot,14
delis,fries,12
delis,sub,11
delis,italian,10
delis,beef,7
delis,bread,7
delis,sausage,7
delis,cheese,6
delis,cold,6
delis,panino,6
delis,shrimp,6
delis,breaded,5
delis,burger,5
delis,di,5
delis,grilled,5
delis,homemade,5
delis,steak,5
delis,broccoli,4
delis,cheeseburger,4
delis,chili,4
delis,linguini,4
delis,meatball,4
delis,peppers,4
delis,cajun,3
delis,mozzarella,3
delis,on,3
delis,parmigiana,3
delis,tenders,3
delis,tuna,3
delis,turkey,3
delis,vesuvio,3
delis,antipasto,2
delis,baked,2
delis,billy,2
delis,boy,2
delis,buffalo,2
delis,calamari,2
delis,cappuccino,2
delis,caprese,2
delis,char,2
delis,ciabatta,2
delis,clams,2
delis,diavolo,2
delis,double,2
delis,eggplant,2
delis,fried,2
delis,garden,2
grocery,salad,6
grocery,sandwich,4
grocery,bread,2
grocery,chicken,2
grocery,platters,2
grocery,roll,2
grocery,tuna,2
grocery,wheat,2
grocery,boxed,1
grocery,caesar,1
grocery,cheese,1
grocery,dog,1
grocery,garden,1
grocery,greek,1
grocery,hot,1
grocery,lunches,1
grocery,meat,1
grocery,pumpernickel,1
grocery,rye,1
grocery,specialty,1
grocery,veggie,1
grocery,white,1
grocery,wrap,1
taiwanese,sauce,90
taiwanese,tea,84
taiwanese,chicken,65
taiwanese,beef,64
taiwanese,pork,58
taiwanese,fried,53
taiwanese,black,39
taiwanese,milk,35
taiwanese,spicy,35
taiwanese,rice,34
taiwanese,shrimp,34
taiwanese,noodle,33
taiwanese,set,29
taiwanese,fish,28
taiwanese,pepper,28
taiwanese,soup,28
taiwanese,crispy,26
taiwanese,chop,25
taiwanese,combo,25
taiwanese,fillet,22
taiwanese,bowl,21
taiwanese,egg,21
taiwanese,chinese,18
taiwanese,bean,17
taiwanese,green,15
taiwanese,seafood,15
taiwanese,tofu,15
taiwanese,braised,14
taiwanese,curry,13
taiwanese,salt,13
taiwanese,stir,13
taiwanese,sour,12
taiwanese,tenderloin,12
taiwanese,veggie,11
taiwanese,assorted,10
taiwanese,box,10
taiwanese,mango,10
taiwanese,matcha,10
taiwanese,melon,10
taiwanese,mushroom,10
taiwanese,squid,10
taiwanese,taiwanese,10
taiwanese,chocolate,9
taiwanese,fatty,9
taiwanese,fresh,9
taiwanese,garlic,9
taiwanese,honey,9
taiwanese,mushrooms,9
taiwanese,sweet,9
taiwanese,xo,9
shavedice,tea,49
shavedice,milk,24
shavedice,rice,20
shavedice,pork,19
shavedice,noodle,15
shavedice,braised,13
shavedice,chicken,12
shavedice,soup,12
shavedice,box,10
shavedice,beef,8
shavedice,black,8
shavedice,fried,8
shavedice,green,8
shavedice,mousse,8
shavedice,egg,7
shavedice,matcha,7
shavedice,oolong,7
shavedice,over,7
shavedice,crispy,6
shavedice,latte,6
shavedice,spicy,6
shavedice,strawberry,6
shavedice,basil,5
shavedice,chocolate,5
shavedice,jelly,5
shavedice,mango,5
shavedice,melon,5
shavedice,sauce,5
shavedice,smoothie,5
shavedice,tofu,5
shavedice,waffle,5
shavedice,winter,5
shavedice,yogurt,5
shavedice,bean,4
shavedice,fruit,4
shavedice,shredded,4
shavedice,snow,4
shavedice,taiwanese,4
shavedice,bbq,3
shavedice,bowl,3
shavedice,fresh,3
shavedice,ground,3
shavedice,honey,3
shavedice,lychee,3
shavedice,omelet,3
shavedice,passion,3
shavedice,peach,3
shavedice,q,3
shavedice,shrimp,3
shavedice,square,3
panasian,freeze,75
panasian,tea,64
panasian,fruit,50
panasian,fresh,47
panasian,rice,45
panasian,green,43
panasian,milk,39
panasian,chicken,32
panasian,shrimp,30
panasian,beef,27
panasian,fried,27
panasian,flavored,25
panasian,lychee,24
panasian,black,23
panasian,tapioca,21
panasian,soup,20
panasian,thai,20
panasian,mango,19
panasian,pork,18
panasian,coconut,15
panasian,spicy,15
panasian,basil,14
panasian,jelly,14
panasian,seafood,14
panasian,strawberry,14
panasian,bean,13
panasian,noodle,13
panasian,sauce,13
panasian,fish,12
panasian,korean,12
panasian,lemon,11
panasian,mini,11
panasian,over,11
panasian,pearl,11
panasian,topping,11
panasian,peach,10
panasian,stone,10
panasian,bowl,9
panasian,egg,9
panasian,garlic,9
panasian,red,9
panasian,tofu,9
panasian,curry,8
panasian,grass,8
panasian,malaysian,8
panasian,broccoli,7
panasian,honey,7
panasian,hot,7
panasian,japanese,7
panasian,string,7
burgers,burger,51
burgers,cheese,41
burgers,chicken,40
burgers,sandwich,37
burgers,combo,35
burgers,fries,31
burgers,slider,26
burgers,pizza,19
burgers,bacon,12
burgers,beef,12
burgers,salad,12
burgers,grilled,11
burgers,original,11
burgers,sub,11
burgers,wings,11
burgers,butterburger,10
burgers,hot,9
burgers,italian,9
burgers,bread,8
burgers,breakfast,8
burgers,cheeseburger,8
burgers,sausage,8
burgers,stick,8
burgers,chili,7
burgers,classic,7
burgers,potato,7
burgers,buffalo,6
burgers,cheddar,6
burgers,double,6
burgers,french,6
burgers,on,6
burgers,or,6
burgers,rings,6
burgers,single,6
burgers,soft,6
burgers,tenders,6
burgers,toast,6
burgers,breaded,5
burgers,chocolate,5
burgers,deluxe,5
burgers,drink,5
burgers,drinks,5
burgers,eggs,5
burgers,milk,5
burgers,onion,5
burgers,shrimp,5
burgers,side,5
burgers,spiral,5
burgers,sticks,5
burgers,tea,5
mexican,taco,65
mexican,de,58
mexican,burrito,51
mexican,vegan,46
mexican,dinner,41
mexican,steak,37
mexican,chicken,34
mexican,beef,33
mexican,con,32
mexican,grilled,24
mexican,la,24
mexican,side,24
mexican,sausage,23
mexican,cheese,22
mexican,salad,22
mexican,nachos,21
mexican,ground,20
mexican,chorizo,19
mexican,al,18
mexican,quesadilla,18
mexican,mexican,17
mexican,torta,17
mexican,avocado,16
mexican,pollo,16
mexican,vegetarian,16
mexican,chips,15
mexican,guacamole,15
mexican,huevos,15
mexican,camarones,14
mexican,shrimp,14
mexican,enchilada,13
mexican,salsa,13
mexican,juice,12
mexican,pork,12
mexican,quesadillas,12
mexican,soup,12
mexican,tostada,12
mexican,beans,11
mexican,camaron,11
mexican,egg,11
mexican,fajita,11
mexican,or,11
mexican,veggie,11
mexican,carne,10
mexican,hot,10
mexican,stew,10
mexican,ajo,9
mexican,enchiladas,9
mexican,flautas,9
mexican,mexicana,9
tapasmallplates,de,16
tapasmallplates,con,11
tapasmallplates,duck,5
tapasmallplates,la,5
tapasmallplates,pollo,5
tapasmallplates,pork,5
tapasmallplates,al,4
tapasmallplates,chocolate,4
tapasmallplates,feet,4
tapasmallplates,plancha,4
tapasmallplates,tarta,4
tapasmallplates,chicken,3
tapasmallplates,del,3
tapasmallplates,handmade,3
tapasmallplates,hot,3
tapasmallplates,y,3
tapasmallplates,berenjena,2
tapasmallplates,buey,2
tapasmallplates,cake,2
tapasmallplates,calamares,2
tapasmallplates,cazuelita,2
tapasmallplates,gambas,2
tapasmallplates,iced,2
tapasmallplates,marinada,2
tapasmallplates,mariscos,2
tapasmallplates,mixed,2
tapasmallplates,patatas,2
tapasmallplates,pato,2
tapasmallplates,pincho,2
tapasmallplates,pot,2
tapasmallplates,queso,2
tapasmallplates,rice,2
tapasmallplates,salmón,2
tapasmallplates,sopa,2
tapasmallplates,soup,2
tapasmallplates,spicy,2
tapasmallplates,sweet,2
tapasmallplates,tea,2
tapasmallplates,tostada,2
tapasmallplates,vegetables,2
tapasmallplates,vegetariana,2
tapasmallplates,water,2
tapasmallplates,aceitunas,1
tapasmallplates,ajillo,1
tapasmallplates,albariño,1
tapasmallplates,alcachofas,1
tapasmallplates,alioli,1
tapasmallplates,aliñadas,1
tapasmallplates,alubias,1
tapasmallplates,banana,1
juicebars,beef,67
juicebars,chicken,64
juicebars,pork,60
juicebars,sauce,54
juicebars,shrimp,50
juicebars,stir-fried,47
juicebars,fried,46
juicebars,stewed,37
juicebars,soup,33
juicebars,egg,31
juicebars,noodle,28
juicebars,fish,21
juicebars,salad,21
juicebars,rice,20
juicebars,sour,20
juicebars,mein,19
juicebars,brown,18
juicebars,sweet,18
juicebars,pepper,16
juicebars,bean,15
juicebars,foo,15
juicebars,tofu,15
juicebars,vegetable,15
juicebars,young,15
juicebars,spicy,14
juicebars,style,14
juicebars,juice,12
juicebars,lo,12
juicebars,seafood,12
juicebars,cabbage,11
juicebars,lamb,11
juicebars,party,11
juicebars,tray,11
juicebars,wrap,11
juicebars,braised,10
juicebars,chili,10
juicebars,pot,10
juicebars,sliced,10
juicebars,meat,9
juicebars,szechuan,9
juicebars,vegetables,9
juicebars,bowl,8
juicebars,broccoli,8
juicebars,burrito,8
juicebars,chow,8
juicebars,combination,8
juicebars,dumpling,8
juicebars,garlic,8
juicebars,green,8
juicebars,mushroom,8
thai,pad,38
thai,chicken,33
thai,rice,31
thai,fried,28
thai,soup,21
thai,curry,20
thai,shrimp,20
thai,egg,17
thai,salad,16
thai,beef,15
thai,thai,15
thai,tray,13
thai,gaeng,10
thai,party,10
thai,pork,10
thai,sauce,10
thai,vegetable,10
thai,bbq,8
thai,crab,8
thai,pla,8
thai,prik,8
thai,rolls,8
thai,tofu,8
thai,foo,7
thai,iced,7
thai,noodle,7
thai,plate,7
thai,rangoon,7
thai,young,7
thai,yum,7
thai,broccoli,6
thai,lard,6
thai,ped,6
thai,side,6
thai,smoothie,6
thai,vegetables,6
thai,dook,5
thai,khao,5
thai,kung,5
thai,mixed,5
thai,panang,5
thai,peanut,5
thai,pot,5
thai,spicy,5
thai,szechuan,5
thai,tom,5
thai,chop,4
thai,combination,4
thai,entree,4
thai,garlic,4
senegalese,yassa,9
senegalese,chicken,7
senegalese,lunch,6
senegalese,special,6
senegalese,lamb,5
senegalese,fish,4
senegalese,beverage,3
senegalese,dibi,3
senegalese,curry,2
senegalese,fillet,2
senegalese,house,2
senegalese,pcs),2
senegalese,pineapple,2
senegalese,plantain,2
senegalese,rice,2
senegalese,saka,2
senegalese,shrimp,2
senegalese,thiebaut,2
senegalese,thiou,2
senegalese,(from,1
senegalese,(pop),1
senegalese,(sorrel),1
senegalese,attieke,1
senegalese,baobab,1
senegalese,bissap,1
senegalese,bottled,1
senegalese,brochette,1
senegalese,cabbage,1
senegalese,cake,1
senegalese,caramel,1
senegalese,carrots,1
senegalese,coast),1
senegalese,coconut,1
senegalese,couscous,1
senegalese,fataya,1
senegalese,french,1
senegalese,fried,1
senegalese,fries,1
senegalese,fufu,1
senegalese,ga,1
senegalese,ginger,1
senegalese,graine,1
senegalese,grilled,1
senegalese,honeydew,1
senegalese,ivory,1
senegalese,jollof,1
senegalese,jun,1
senegalese,lettuce,1
senegalese,maffe,1
senegalese,mango,1
spanish,de,16
spanish,con,11
spanish,la,5
spanish,pollo,5
spanish,al,4
spanish,chocolate,4
spanish,plancha,4
spanish,tarta,4
spanish,del,3
spanish,y,3
spanish,berenjena,2
spanish,buey,2
spanish,calamares,2
spanish,cazuelita,2
spanish,gambas,2
spanish,marinada,2
spanish,mariscos,2
spanish,patatas,2
spanish,pato,2
spanish,pincho,2
spanish,queso,2
spanish,salmón,2
spanish,sopa,2
spanish,tostada,2
spanish,vegetariana,2
spanish,aceitunas,1
spanish,ajillo,1
spanish,albariño,1
spanish,alcachofas,1
spanish,alioli,1
spanish,aliñadas,1
spanish,alubias,1
spanish,banana,1
spanish,blanco,1
spanish,bravas,1
spanish,cabra,1
spanish,cabrales,1
spanish,calabaza,1
spanish,caldero,1
spanish,caramelo,1
spanish,centollo,1
spanish,champiñones,1
spanish,chorizo,1
spanish,confitado,1
spanish,cordero,1
spanish,crema,1
spanish,crepe,1
spanish,croquetas,1
spanish,curado,1
spanish,curry,1
venues,pizza,33
venues,de,16
venues,chicken,14
venues,italian,13
venues,large,13
venues,con,11
venues,sicilian,8
venues,small,8
venues,pizzarella,7
venues,beef,6
venues,cheese,6
venues,special,6
venues,chocolate,5
venues,la,5
venues,loverz,5
venues,margherita,5
venues,meat,5
venues,pollo,5
venues,salad,5
venues,super,5
venues,veggie,5
venues,al,4
venues,bbq,4
venues,connie's,4
venues,del,4
venues,giardinara,4
venues,parmesan,4
venues,plancha,4
venues,sandwich,4
venues,tarta,4
venues,panini,3
venues,side,3
venues,y,3
venues,berenjena,2
venues,buey,2
venues,burger,2
venues,cake,2
venues,calamares,2
venues,cazuelita,2
venues,eggplant,2
venues,fries,2
venues,gambas,2
venues,marinada,2
venues,mariscos,2
venues,pan,2
venues,pasta,2
venues,patatas,2
venues,pato,2
venues,pincho,2
venues,queso,2
bars,pizza,33
bars,chicken,24
bars,salad,24
bars,cheese,16
bars,sandwich,13
bars,crust,12
bars,homemade,12
bars,sausage,12
bars,taco,12
bars,grilled,11
bars,thin,11
bars,deep,9
bars,dish,9
bars,special,9
bars,burger,8
bars,(catering),7
bars,fries,7
bars,garlic,7
bars,kid's,7
bars,nova,7
bars,parmesan,7
bars,italian,6
bars,ravioli,6
bars,sauce,6
bars,side,6
bars,(does,5
bars,bomber,5
bars,bread,5
bars,chips),5
bars,fried,5
bars,include,5
bars,meat,5
bars,meatball,5
bars,not,5
bars,pork,5
bars,baked,4
bars,beef,4
bars,blue,4
bars,breakfast,4
bars,broccoli,4
bars,butter,4
bars,caesar,4
bars,chips,4
bars,eggplant,4
bars,hot,4
bars,house,4
bars,mama's,4
bars,meatballs,4
bars,novo,4
bars,pasta,4
tacos,taco,10
tacos,(catering),7
tacos,(does,5
tacos,chips),5
tacos,include,5
tacos,not,5
tacos,chips,4
tacos,salsa,3
tacos,antique,2
tacos,chicken,2
tacos,horchata,2
tacos,salad,2
tacos,(kale),1
tacos,agua,1
tacos,bottled,1
tacos,burrito,1
tacos,carnita,1
tacos,cheesy,1
tacos,chili,1
tacos,chorizo,1
tacos,coffee,1
tacos,creamed,1
tacos,crispy,1
tacos,crunchy,1
tacos,dip,1
tacos,drinks,1
tacos,elote,1
tacos,fish,1
tacos,fresca,1
tacos,fried,1
tacos,garlic,1
tacos,grilled,1
tacos,guac,1
tacos,guacamole,1
tacos,habanero,1
tacos,hot,1
tacos,just,1
tacos,kids,1
tacos,milkshake,1
tacos,poblano,1
tacos,pork,1
tacos,potato,1
tacos,quesadillas,1
tacos,queso,1
tacos,roasted,1
tacos,sauce,1
tacos,shrimp,1
tacos,single,1
tacos,special:,1
tacos,spicy,1
icecream,butterburger,10
icecream,chicken,6
icecream,single,6
icecream,cheese,5
icecream,or,5
icecream,side,5
icecream,chocolate,4
icecream,culver’s,4
icecream,deluxe,4
icecream,swiss,4
icecream,bacon,3
icecream,cheddar,3
icecream,classic,3
icecream,drink,3
icecream,grilled,3
icecream,melt,3
icecream,milk,3
icecream,roast,3
icecream,sandwich,3
icecream,tea,3
icecream,tenders,3
icecream,atlantic,2
icecream,beef,2
icecream,caramel,2
icecream,cashew,2
icecream,cod,2
icecream,cone,2
icecream,crinkle,2
icecream,custard,2
icecream,cut,2
icecream,drinks,2
icecream,fresco,2
icecream,fresh,2
icecream,fries,2
icecream,frozen,2
icecream,fudge,2
icecream,garden,2
icecream,hot,2
icecream,malts,2
icecream,mushroom,2
icecream,north,2
icecream,original”,2
icecream,pc.,2
icecream,pot,2
icecream,premium,2
icecream,shakes,2
icecream,sides,2
icecream,soft,2
icecream,white,2
icecream,wisconsin,2
hotdogs,chicken,29
hotdogs,slider,26
hotdogs,cheese,21
hotdogs,piece,14
hotdogs,combo,12
hotdogs,butterburger,10
hotdogs,fries,8
hotdogs,original,8
hotdogs,sandwich,8
hotdogs,breakfast,7
hotdogs,dinner,6
hotdogs,fish,6
hotdogs,single,6
hotdogs,tenders,6
hotdogs,bacon,5
hotdogs,cheddar,5
hotdogs,chocolate,5
hotdogs,hot,5
hotdogs,or,5
hotdogs,rings,5
hotdogs,side,5
hotdogs,tea,5
hotdogs,cajun,4
hotdogs,case®,4
hotdogs,crave,4
hotdogs,culver’s,4
hotdogs,deluxe,4
hotdogs,drink,4
hotdogs,drinks,4
hotdogs,french,4
hotdogs,grilled,4
hotdogs,milk,4
hotdogs,on,4
hotdogs,one,4
hotdogs,onion,4
hotdogs,shrimp,4
hotdogs,small,4
hotdogs,soft,4
hotdogs,swiss,4
hotdogs,toast,4
hotdogs,beans,3
hotdogs,breast,3
hotdogs,classic,3
hotdogs,coffee,3
hotdogs,egg,3
hotdogs,melt,3
hotdogs,roast,3
hotdogs,stick,3
hotdogs,two,3
hotdogs,waffle,3
theater,list,3
theater,black,2
theater,da,2
theater,little,2
theater,“big,2
theater,(,1
theater,(alcohol),1
theater,appetizers,1
theater,big,1
theater,bill”,1
theater,caesar..........serves,1
theater,call,1
theater,chicken,1
theater,colosimo,1
theater,dinners,1
theater,don’t,1
theater,double,1
theater,drink,1
theater,feast,1
theater,frankie’s,1
theater,hooch,1
theater,include:,1
theater,jim”,1
theater,kingpin,1
theater,martini,1
theater,me,1
theater,specialty,1
theater,thompson,1
theater,tramp,1
theater,wine,1
tradamerican,chicken,61
tradamerican,salad,55
tradamerican,sandwich,49
tradamerican,cheese,34
tradamerican,burger,25
tradamerican,beef,20
tradamerican,hot,17
tradamerican,turkey,16
tradamerican,bacon,15
tradamerican,omelet,15
tradamerican,steak,15
tradamerican,dinner,14
tradamerican,french,13
tradamerican,fries,13
tradamerican,italian,12
tradamerican,skillet,12
tradamerican,waffle,12
tradamerican,pancakes,11
tradamerican,pizza,11
tradamerican,shrimp,11
tradamerican,toast,10
tradamerican,breast,9
tradamerican,caesar,9
tradamerican,crepes,9
tradamerican,grilled,9
tradamerican,pork,9
tradamerican,sausage,9
tradamerican,side,9
tradamerican,(lunch),8
tradamerican,fried,8
tradamerican,ham,8
tradamerican,onion,8
tradamerican,bbq,7
tradamerican,bread,7
tradamerican,chili,7
tradamerican,greek,7
tradamerican,mac,7
tradamerican,meat,7
tradamerican,salmon,7
tradamerican,style,7
tradamerican,tuna,7
tradamerican,veggie,7
tradamerican,baked,6
tradamerican,chocolate,6
tradamerican,cream,6
tradamerican,dog,6
tradamerican,fruit,6
tradamerican,juice,6
tradamerican,melt,6
tradamerican,red,6
comedyclubs,list,3
comedyclubs,black,2
comedyclubs,da,2
comedyclubs,little,2
comedyclubs,“big,2
comedyclubs,(,1
comedyclubs,(alcohol),1
comedyclubs,appetizers,1
comedyclubs,big,1
comedyclubs,bill”,1
comedyclubs,caesar..........serves,1
comedyclubs,call,1
comedyclubs,chicken,1
comedyclubs,colosimo,1
comedyclubs,dinners,1
comedyclubs,don’t,1
comedyclubs,double,1
comedyclubs,drink,1
comedyclubs,feast,1
comedyclubs,frankie’s,1
comedyclubs,hooch,1
comedyclubs,include:,1
comedyclubs,jim”,1
comedyclubs,kingpin,1
comedyclubs,martini,1
comedyclubs,me,1
comedyclubs,specialty,1
comedyclubs,thompson,1
comedyclubs,tramp,1
comedyclubs,wine,1
desserts,oz,6
desserts,sauce,4
desserts,filet,3
desserts,grilled,3
desserts,lobster,3
desserts,rib,3
desserts,spinach,3
desserts,baby,2
desserts,cfh,2
desserts,cheese,2
desserts,crab,2
desserts,horseradish,2
desserts,jumbo,2
desserts,mac,2
desserts,oscar,2
desserts,oysters,2
desserts,potato,2
desserts,salad,2
desserts,sautéed,2
desserts,sea,2
desserts,shrimp,2
desserts,soup,2
desserts,steak,2
desserts,agnolotti,1
desserts,all,1
desserts,amish,1
desserts,arugula,1
desserts,asparagus,1
desserts,au,1
desserts,baked,1
desserts,bass,1
desserts,berkshire,1
desserts,bisque,1
desserts,bone-in,1
desserts,bordelaise,1
desserts,braised,1
desserts,brick,1
desserts,brussels,1
desserts,burger,1
desserts,béarnaise,1
desserts,caesar,1
desserts,cakes,1
desserts,calamari,1
desserts,can,1
desserts,chateaubriand,1
desserts,chicken,1
desserts,chilled,1
desserts,classic,1
desserts,cocktail,1
desserts,creamed,1
newamerican,sandwich,33
newamerican,cheese,31
newamerican,chicken,31
newamerican,salad,26
newamerican,burger,22
newamerican,grilled,22
newamerican,pizza,19
newamerican,steak,19
newamerican,sausage,18
newamerican,fries,15
newamerican,pancakes,15
newamerican,egg,14
newamerican,eggs,13
newamerican,french,13
newamerican,omelette,13
newamerican,or,13
newamerican,toast,13
newamerican,bacon,12
newamerican,street,11
newamerican,burrito,10
newamerican,breast,9
newamerican,beef,8
newamerican,hashbrowns,8
newamerican,italian,8
newamerican,ham,7
newamerican,hot,7
newamerican,kid's,7
newamerican,bbq,6
newamerican,fried,6
newamerican,kids,6
newamerican,nachos,6
newamerican,bacon,,5
newamerican,bread,5
newamerican,caesar,5
newamerican,chocolate,5
newamerican,club,5
newamerican,cream,5
newamerican,dog,5
newamerican,english,5
newamerican,house,5
newamerican,juice,5
newamerican,maxwell,5
newamerican,panini,5
newamerican,pork,5
newamerican,turkey,5
newamerican,american,4
newamerican,avocado,4
newamerican,blue,4
newamerican,breakfast,4
newamerican,butter,4
polish,bowl,2
polish,plate,2
polish,pork,2
polish,add,1
polish,anything.,1
polish,banchan,1
polish,beef,1
polish,belly,1
polish,bi,1
polish,bim,1
polish,bing,1
polish,bong,1
polish,chae,1
polish,chap,1
polish,dressed,1
polish,extra,1
polish,fries,1
polish,kimski,1
polish,ko-po,1
polish,kopo,1
polish,maria’s,1
polish,mizeria,1
polish,noods,1
polish,or,1
polish,pancakes,1
polish,pierogis,1
polish,polish,1
polish,potato,1
polish,poutine,1
polish,princess,1
polish,sausage,1
polish,scallion,1
polish,serving,1
polish,standard,1
polish,wangs,1
sportsbars,beef,3
sportsbars,bread,3
sportsbars,hot,3
sportsbars,italian,3
sportsbars,tamale,3
sportsbars,artichoke,2
sportsbars,chili,2
sportsbars,dip,2
sportsbars,dog,2
sportsbars,jalapeno,2
sportsbars,(bottle),1
sportsbars,ale,1
sportsbars,all,1
sportsbars,american,1
sportsbars,beer,1
sportsbars,boat,1
sportsbars,bottled,1
sportsbars,bruschetta,1
sportsbars,buffalo,1
sportsbars,bun,1
sportsbars,cheese,1
sportsbars,cheesy,1
sportsbars,chicago,1
sportsbars,chips,1
sportsbars,club,1
sportsbars,diet,1
sportsbars,dr.,1
sportsbars,garlic,1
sportsbars,giardeniara,1
sportsbars,giardinera,1
sportsbars,ginger,1
sportsbars,goose,1
sportsbars,gravy,1
sportsbars,island,1
sportsbars,lemonade,1
sportsbars,lovers,1
sportsbars,meat,1
sportsbars,natural,1
sportsbars,on,1
sportsbars,onions,1
sportsbars,our,1
sportsbars,pepper,1
sportsbars,pepperoni,1
sportsbars,peppers,1
sportsbars,pizza,1
sportsbars,polish,1
sportsbars,poorboy,1
sportsbars,rc,1
sportsbars,rite,1
sportsbars,root,1
steak,cheese,11
steak,chicken,6
steak,oz,6
steak,steak,6
steak,fries,5
steak,gino's,5
steak,garlic,4
steak,grilled,4
steak,sauce,4
steak,taco,4
steak,butter,3
steak,crispy,3
steak,filet,3
steak,ginoritos,3
steak,lobster,3
steak,new,3
steak,rib,3
steak,salad,3
steak,spinach,3
steak,all,2
steak,baby,2
steak,beef,2
steak,can,2
steak,cfh,2
steak,chicago,2
steak,chocolate,2
steak,crab,2
steak,gym,2
steak,horseradish,2
steak,jumbo,2
steak,mac,2
steak,onion,2
steak,oscar,2
steak,oysters,2
steak,oz.,2
steak,potato,2
steak,sautéed,2
steak,sea,2
steak,shoe,2
steak,shrimp,2
steak,soup,2
steak,trash,2
steak,(or,1
steak,**new**,1
steak,agnolotti,1
steak,aloe,1
steak,amber's,1
steak,american,1
steak,amish,1
steak,arugula,1
mediterranean,(dinner),54
mediterranean,grilled,28
mediterranean,(gluten,27
mediterranean,free),27
mediterranean,platter,22
mediterranean,salad,22
mediterranean,wrap,19
mediterranean,chicken,14
mediterranean,shawarma,11
mediterranean,falafel,10
mediterranean,kabob,10
mediterranean,bowl,8
mediterranean,beef,7
mediterranean,hummus,7
mediterranean,lamb,6
mediterranean,skewer,6
mediterranean,kebab,5
mediterranean,sauce,5
mediterranean,steak,5
mediterranean,shrimp,4
mediterranean,soup,4
mediterranean,bread,3
mediterranean,breast,3
mediterranean,cheese,3
mediterranean,feta,3
mediterranean,fries,3
mediterranean,kafta,3
mediterranean,kalamata,3
mediterranean,kurah,3
mediterranean,lentil,3
mediterranean,salmon,3
mediterranean,sampler,3
mediterranean,spicy,3
mediterranean,tabouli,3
mediterranean,turkish,3
mediterranean,vegetable,3
mediterranean,(shawarma),2
mediterranean,any,2
mediterranean,baba,2
mediterranean,baklava,2
mediterranean,banyan,2
mediterranean,braised,2
mediterranean,calamari,2
mediterranean,chocolate,2
mediterranean,coffee,2
mediterranean,combo,2
mediterranean,doner,2
mediterranean,eggplant,2
mediterranean,garlic,2
mediterranean,goose,2
turkish,platter,9
turkish,salad,7
turkish,grilled,6
turkish,kebab,5
turkish,beef,3
turkish,chicken,3
turkish,falafel,3
turkish,(shawarma),2
turkish,cheese,2
turkish,doner,2
turkish,meatball,2
turkish,salmon,2
turkish,steak,2
turkish,turkish,2
turkish,wrap,2
turkish,(feraye),1
turkish,bar,1
turkish,base,1
turkish,borek,1
turkish,cacik,1
turkish,calamari,1
turkish,dolma,1
turkish,eggplant,1
turkish,ezme,1
turkish,feta,1
turkish,french,1
turkish,fries,1
turkish,galata,1
turkish,goat,1
turkish,homemade,1
turkish,hummus,1
turkish,la,1
turkish,lamb,1
turkish,lentil,1
turkish,manti,1
turkish,meze,1
turkish,mixed,1
turkish,pan-seared,1
turkish,pc),1
turkish,piyaz,1
turkish,soup,1
turkish,turca,1
turkish,wings,1
diners,sausage,13
diners,steak,13
diners,bacon,9
diners,cheese,9
diners,or,9
diners,chicken,8
diners,eggs,8
diners,salad,7
diners,egg,6
diners,grilled,6
diners,sandwich,6
diners,bacon,,5
diners,dog,5
diners,hot,5
diners,italian,5
diners,toast,5
diners,american,4
diners,beef,4
diners,breast,4
diners,ham,4
diners,pancakes,4
diners,rib,4
diners,served,4
diners,submarine,4
diners,chop,3
diners,club,3
diners,con,3
diners,double,3
diners,eye,3
diners,french,3
diners,fried,3
diners,fries,3
diners,hash,3
diners,huevos,3
diners,juice,3
diners,meat,3
diners,polish,3
diners,pounder,3
diners,quarter,3
diners,b.l.t,2
diners,cheeseburger,2
diners,chili,2
diners,chopped,2
diners,coke,2
diners,fish,2
diners,giro,2
diners,ham,,2
diners,hamburger,2
diners,maxwell,2
diners,muffins,2
hotdog,bacon,2
hotdog,cheeseburger,2
hotdog,eggs,2
hotdog,oz.,2
hotdog,bottled,1
hotdog,can,1
hotdog,cheese,1
hotdog,chicken,1
hotdog,chop,1
hotdog,cup,1
hotdog,dog,1
hotdog,double,1
hotdog,drink,1
hotdog,elote,1
hotdog,fries,1
hotdog,fruit,1
hotdog,hamburger,1
hotdog,horchata,1
hotdog,hot,1
hotdog,limon,1
hotdog,mixed,1
hotdog,paletas,1
hotdog,piece,1
hotdog,polish,1
hotdog,pop,1
hotdog,pork,1
hotdog,sandwich,1
hotdog,soda,1
hotdog,taco,1
hotdog,tostadas,1
hotdog,wings,1
mideastern,(dinner),54
mideastern,(gluten,27
mideastern,free),27
mideastern,wrap,8
mideastern,kabob,7
mideastern,salad,5
mideastern,beef,4
mideastern,platter,4
mideastern,chicken,3
mideastern,hummus,3
mideastern,kurah,3
mideastern,lamb,3
mideastern,sampler,3
mideastern,shawarma,3
mideastern,any,2
mideastern,banyan,2
mideastern,bread,2
mideastern,chocolate,2
mideastern,coffee,2
mideastern,combo,2
mideastern,falafel,2
mideastern,garlic,2
mideastern,hot,2
mideastern,or,2
mideastern,potatoes,2
mideastern,sauce,2
mideastern,seafood,2
mideastern,soup,2
mideastern,spicy,2
mideastern,spinach,2
mideastern,squash,2
mideastern,tabouli,2
mideastern,tea,2
mideastern,traditional,2
mideastern,vegan,2
mideastern,(ground,1
mideastern,aioli,1
mideastern,angus,1
mideastern,arabian,1
mideastern,arabic,1
mideastern,assortment,1
mideastern,baba,1
mideastern,bacon,1
mideastern,baklava,1
mideastern,bean,1
mideastern,black,1
mideastern,blackened,1
mideastern,brie,1
mideastern,bruschetta,1
mideastern,burger,1
japanese,roll,114
japanese,sushi,31
japanese,sashimi,30
japanese,tuna,27
japanese,spicy,23
japanese,tempura,21
japanese,salmon,16
japanese,white,15
japanese,salad,11
japanese,soup,11
japanese,shrimp,10
japanese,hamachi,9
japanese,vegetable,9
japanese,dragon,8
japanese,avocado,7
japanese,ebi,7
japanese,maki,7
japanese,sake,7
japanese,crab,6
japanese,cucumber,6
japanese,don,6
japanese,miso,6
japanese,nama,6
japanese,scallop,6
japanese,asparagus,5
japanese,avo,5
japanese,creamy,5
japanese,kani,5
japanese,ramen,5
japanese,sauce,5
japanese,sweet,5
japanese,teriyaki,5
japanese,udon,5
japanese,unagi,5
japanese,chicken,4
japanese,fresh,4
japanese,gyoza,4
japanese,j,4
japanese,maguro,4
japanese,philly,4
japanese,potato,4
japanese,rice,4
japanese,rock,4
japanese,seaweed,4
japanese,tako,4
japanese,california,3
japanese,combo,3
japanese,edamame,3
japanese,eel,3
japanese,hokkigai,3
coffee,sauce,85
coffee,beef,56
coffee,chicken,53
coffee,fried,45
coffee,pork,39
coffee,tea,35
coffee,black,31
coffee,shrimp,31
coffee,set,29
coffee,spicy,29
coffee,fish,28
coffee,pepper,26
coffee,combo,25
coffee,chop,23
coffee,fillet,22
coffee,crispy,20
coffee,bowl,18
coffee,noodle,18
coffee,chinese,17
coffee,soup,17
coffee,egg,16
coffee,rice,14
coffee,seafood,14
coffee,bean,13
coffee,curry,13
coffee,sour,12
coffee,tenderloin,12
coffee,milk,11
coffee,salt,11
coffee,veggie,11
coffee,assorted,10
coffee,stir,10
coffee,tofu,10
coffee,fatty,9
coffee,mushrooms,9
coffee,salad,9
coffee,xo,9
coffee,deep,8
coffee,enoki,8
coffee,mushroom,8
coffee,satay,8
coffee,sweet,8
coffee,teriyaki,8
coffee,vegetable,8
coffee,ca,7
coffee,chow,7
coffee,eggplant,7
coffee,ga,7
coffee,garlic,7
coffee,green,7
beergardens,salad,3
beergardens,egg,2
beergardens,toast,2
beergardens,bacon,1
beergardens,bakehouse,1
beergardens,beans,1
beergardens,beet,1
beergardens,cheese,1
beergardens,chevre,1
beergardens,classic,1
beergardens,cornbread,1
beergardens,english,1
beergardens,farm,1
beergardens,french,1
beergardens,granola,1
beergardens,greens,1
beergardens,grits,1
beergardens,house,1
beergardens,jam,1
beergardens,kale,1
beergardens,mixed,1
beergardens,muffin,1
beergardens,oatmeal,1
beergardens,omelette,1
beergardens,or,1
beergardens,pancakes,1
beergardens,porridge,1
beergardens,quinoa,1
beergardens,roasted,1
beergardens,sandwich,1
beergardens,sausage,1
beergardens,seasonal,1
beergardens,soup,1
beergardens,strata,1
beergardens,tomato,1
beergardens,vegetable,1
beergardens,yogurt,1
sushi,roll,182
sushi,chicken,55
sushi,shrimp,54
sushi,rice,52
sushi,tuna,46
sushi,soup,44
sushi,spicy,44
sushi,sashimi,41
sushi,fried,40
sushi,sushi,36
sushi,beef,32
sushi,salad,31
sushi,salmon,29
sushi,tempura,26
sushi,plate,22
sushi,white,20
sushi,crab,19
sushi,teriyaki,19
sushi,noodle,18
sushi,sauce,17
sushi,seafood,16
sushi,asparagus,15
sushi,combination,15
sushi,egg,15
sushi,tofu,15
sushi,hamachi,14
sushi,sake,14
sushi,tray,14
sushi,dragon,13
sushi,pepper,13
sushi,pork,13
sushi,avocado,12
sushi,vegetable,12
sushi,chow,11
sushi,green,11
sushi,maki,11
sushi,smoothie,11
sushi,sweet,11
sushi,don,10
sushi,ebi,10
sushi,fun,10
sushi,garlic,10
sushi,grilled,10
sushi,lobster,10
sushi,party,10
sushi,scallop,10
sushi,(no,9
sushi,bbq,9
sushi,black,9
sushi,coupons),9
latin,cheese,3
latin,cream,2
latin,cuban,2
latin,pork,2
latin,bbq,1
latin,beans,1
latin,black,1
latin,buffalo,1
latin,chicken,1
latin,corn,1
latin,elote,1
latin,guava,1
latin,mamas,1
latin,nacho,1
latin,nachomale,1
latin,nachos,1
latin,pineapple,1
latin,roasted,1
latin,slow,1
latin,style,1
latin,three,1
divebars,sandwich,7
divebars,filberts,5
divebars,chicken,4
divebars,platter,3
divebars,beans,2
divebars,beer,2
divebars,bread,2
divebars,brisket,2
divebars,cheese,2
divebars,garlic,2
divebars,green,2
divebars,hot,2
divebars,jumbo,2
divebars,pork,2
divebars,ribs,2
divebars,salad,2
divebars,smoked,2
divebars,wings,2
divebars,baby,1
divebars,back,1
divebars,bacon,1
divebars,banana,1
divebars,beef,1
divebars,black,1
divebars,blt,1
divebars,bourbon,1
divebars,butter,1
divebars,cake,1
divebars,candied,1
divebars,candy,1
divebars,cherry,1
divebars,chili,1
divebars,cobbler,1
divebars,coleslaw,1
divebars,corn,1
divebars,cream,1
divebars,delux,1
divebars,dinky,1
divebars,dunkers,1
divebars,empanadas,1
divebars,fresh,1
divebars,fried,1
divebars,fungi,1
divebars,ginger,1
divebars,girlfriend,1
divebars,goat,1
divebars,greens,1
divebars,link,1
divebars,links,1
divebars,louis,1
foodtrucks,cheese,9
foodtrucks,chicken,5
foodtrucks,gino's,5
foodtrucks,fries,4
foodtrucks,steak,4
foodtrucks,taco,4
foodtrucks,butter,3
foodtrucks,crispy,3
foodtrucks,garlic,3
foodtrucks,ginoritos,3
foodtrucks,beef,2
foodtrucks,chicago,2
foodtrucks,chocolate,2
foodtrucks,gym,2
foodtrucks,new,2
foodtrucks,oz.,2
foodtrucks,shoe,2
foodtrucks,trash,2
foodtrucks,(or,1
foodtrucks,**new**,1
foodtrucks,all,1
foodtrucks,aloe,1
foodtrucks,amber's,1
foodtrucks,american,1
foodtrucks,bottled,1
foodtrucks,brownie,1
foodtrucks,can,1
foodtrucks,cheddar,1
foodtrucks,cheeseburger,1
foodtrucks,cheesy,1
foodtrucks,chip,1
foodtrucks,cookie,1
foodtrucks,corned,1
foodtrucks,crystal's,1
foodtrucks,cut,1
foodtrucks,dog,1
foodtrucks,drink,1
foodtrucks,fancy,1
foodtrucks,fatty,1
foodtrucks,favorite,1
foodtrucks,fire,1
foodtrucks,fresh,1
foodtrucks,ginos,1
foodtrucks,grandma,1
foodtrucks,grape,1
foodtrucks,grilled,1
foodtrucks,gryo,1
foodtrucks,gyro,1
foodtrucks,jose,1
foodtrucks,king,1
foodstands,pad,11
foodstands,curry,9
foodstands,thai,7
foodstands,chicken,6
foodstands,plate,6
foodstands,rice,6
foodstands,fried,5
foodstands,basil,3
foodstands,crab,3
foodstands,ginger,3
foodstands,panang,3
foodstands,spicy,3
foodstands,vegetable,3
foodstands,beef,2
foodstands,cashew,2
foodstands,egg,2
foodstands,ewe,2
foodstands,green,2
foodstands,iced,2
foodstands,leaves,2
foodstands,massaman,2
foodstands,rangoon,2
foodstands,rolls,2
foodstands,see,2
foodstands,steamed,2
foodstands,tofu,2
foodstands,blanket,1
foodstands,bodhi,1
foodstands,bottled,1
foodstands,broccoli,1
foodstands,brown,1
foodstands,catfish,1
foodstands,chef,1
foodstands,clay,1
foodstands,coffee,1
foodstands,crispy,1
foodstands,garlic,1
foodstands,grilled,1
foodstands,herbal,1
foodstands,honey,1
foodstands,jasmine,1
foodstands,kai,1
foodstands,kha,1
foodstands,khee,1
foodstands,lard,1
foodstands,lemongrass,1
foodstands,mao,1
foodstands,na,1
foodstands,noodle,1
foodstands,noodles,1
musicvideo,sandwich,13
musicvideo,burger,9
musicvideo,chicken,9
musicvideo,salad,9
musicvideo,cheese,4
musicvideo,mac,4
musicvideo,chick,3
musicvideo,chili,3
musicvideo,fried,3
musicvideo,mushroom,3
musicvideo,reggie,3
musicvideo,tacos,3
musicvideo,baked,2
musicvideo,blt,2
musicvideo,burrito,2
musicvideo,cream,2
musicvideo,en,2
musicvideo,fries,2
musicvideo,fuego,2
musicvideo,ice,2
musicvideo,steak,2
musicvideo,tots,2
musicvideo,veggie,2
musicvideo,`n`cheese,1
musicvideo,abita,1
musicvideo,apple,1
musicvideo,bacon,1
musicvideo,bbq,1
musicvideo,beans,1
musicvideo,beef,1
musicvideo,beer,1
musicvideo,bottled,1
musicvideo,boy,1
musicvideo,bread,1
musicvideo,breaded,1
musicvideo,brother,1
musicvideo,brownie,1
musicvideo,buffalo,1
musicvideo,build,1
musicvideo,bull,1
musicvideo,caesar,1
musicvideo,cajun,1
musicvideo,caps,1
musicvideo,carlissimo,1
musicvideo,catfish,1
musicvideo,char,1
musicvideo,chopped,1
musicvideo,chorizo,1
musicvideo,classic,1
musicvideo,day,1
musicvenues,sandwich,13
musicvenues,burger,9
musicvenues,chicken,9
musicvenues,salad,9
musicvenues,cheese,4
musicvenues,mac,4
musicvenues,chick,3
musicvenues,chili,3
musicvenues,fried,3
musicvenues,mushroom,3
musicvenues,reggie,3
musicvenues,tacos,3
musicvenues,baked,2
musicvenues,blt,2
musicvenues,burrito,2
musicvenues,cream,2
musicvenues,en,2
musicvenues,fries,2
musicvenues,fuego,2
musicvenues,ice,2
musicvenues,steak,2
musicvenues,tots,2
musicvenues,veggie,2
musicvenues,`n`cheese,1
musicvenues,abita,1
musicvenues,apple,1
musicvenues,bacon,1
musicvenues,bbq,1
musicvenues,beans,1
musicvenues,beef,1
musicvenues,beer,1
musicvenues,bottled,1
musicvenues,boy,1
musicvenues,bread,1
musicvenues,breaded,1
musicvenues,brother,1
musicvenues,brownie,1
musicvenues,buffalo,1
musicvenues,build,1
musicvenues,bull,1
musicvenues,caesar,1
musicvenues,cajun,1
musicvenues,caps,1
musicvenues,carlissimo,1
musicvenues,catfish,1
musicvenues,char,1
musicvenues,chopped,1
musicvenues,chorizo,1
musicvenues,classic,1
musicvenues,day,1
convenience,salad,6
convenience,sandwich,4
convenience,bread,2
convenience,chicken,2
convenience,platters,2
convenience,roll,2
convenience,tuna,2
convenience,wheat,2
convenience,boxed,1
convenience,caesar,1
convenience,cheese,1
convenience,dog,1
convenience,garden,1
convenience,greek,1
convenience,hot,1
convenience,lunches,1
convenience,meat,1
convenience,pumpernickel,1
convenience,rye,1
convenience,specialty,1
convenience,veggie,1
convenience,white,1
convenience,wrap,1
whiskeybars,bbq,4
whiskeybars,shrimp,3
whiskeybars,brisket,2
whiskeybars,chicken,2
whiskeybars,pork,2
whiskeybars,pulled,2
whiskeybars,salad,2
whiskeybars,slider,2
whiskeybars,trio,2
whiskeybars,add:\nblackened,1
whiskeybars,blackened,1
whiskeybars,cheese,1
whiskeybars,fries,1
whiskeybars,garden,1
whiskeybars,greek,1
whiskeybars,grilled,1
whiskeybars,loaded,1
whiskeybars,mac,1
whiskeybars,mac-n-cheese,1
whiskeybars,mini-quesadillas,1
whiskeybars,nachos,1
whiskeybars,ribs,1
whiskeybars,salmon,1
whiskeybars,sampler,1
whiskeybars,smoked,1
whiskeybars,special,1
whiskeybars,supreme,1
whiskeybars,taco,1
streetvendors,oz.,2
streetvendors,bottled,1
streetvendors,can,1
streetvendors,chicken,1
streetvendors,cup,1
streetvendors,drink,1
streetvendors,elote,1
streetvendors,fruit,1
streetvendors,horchata,1
streetvendors,limon,1
streetvendors,mixed,1
streetvendors,paletas,1
streetvendors,piece,1
streetvendors,soda,1
streetvendors,taco,1
streetvendors,tostadas,1
streetvendors,wings,1
cuban,cheese,3
cuban,cream,2
cuban,cuban,2
cuban,pork,2
cuban,bbq,1
cuban,beans,1
cuban,black,1
cuban,buffalo,1
cuban,chicken,1
cuban,corn,1
cuban,elote,1
cuban,guava,1
cuban,mamas,1
cuban,nacho,1
cuban,nachomale,1
cuban,nachos,1
cuban,pineapple,1
cuban,roasted,1
cuban,slow,1
cuban,style,1
cuban,three,1

​
